SK_ID_CURR,SK_ID_BUREAU,CREDIT_ACTIVE,CREDIT_CURRENCY,DAYS_CREDIT,CREDIT_DAY_OVERDUE,DAYS_CREDIT_ENDDATE,DAYS_ENDDATE_FACT,AMT_CREDIT_MAX_OVERDUE,CNT_CREDIT_PROLONG,AMT_CREDIT_SUM,AMT_CREDIT_SUM_DEBT,AMT_CREDIT_SUM_LIMIT,AMT_CREDIT_SUM_OVERDUE,CREDIT_TYPE,DAYS_CREDIT_UPDATE,AMT_ANNUITY
100001,5896630,Closed,currency 1,-857,0,-492,-553,,0,112500,0,0,0,Consumer credit,-155,0
100001,5896631,Closed,currency 1,-909,0,-179,-877,,0,279720,0,0,0,Consumer credit,-155,0
100001,5896632,Closed,currency 1,-879,0,-514,-544,,0,91620,0,0,0,Consumer credit,-155,0
100001,5896633,Closed,currency 1,-1572,0,-1329,-1328,,0,85500,0,0,0,Consumer credit,-155,0
100001,5896634,Active,currency 1,-559,0,902,,,0,337680,113166,0,0,Consumer credit,-6,4630.5
100001,5896635,Active,currency 1,-49,0,1778,,,0,378000,373239,0,0,Consumer credit,-16,10822.5
100001,5896636,Active,currency 1,-320,0,411,,,0,168345,110281.5,,0,Consumer credit,-10,9364.5
100002,6113835,Closed,currency 1,-1043,0,62,-967,0,0,67500,,,0,Credit card,-758,0
100002,6158903,Active,currency 1,-1042,0,780,,,0,450000,245781,0,0,Consumer credit,-7,0
100002,6158904,Closed,currency 1,-1125,0,-1038,-1038,,0,40761,,,0,Credit card,-1038,0
100002,6158905,Closed,currency 1,-476,0,,-48,,0,0,0,,0,Credit card,-47,
100002,6158906,Closed,currency 1,-1437,0,-1072,-1185,0,0,135000,0,0,0,Consumer credit,-1185,0
100002,6158907,Closed,currency 1,-1121,0,-911,-911,3321,0,19071,,,0,Consumer credit,-906,0
100002,6158908,Closed,currency 1,-645,0,85,-36,5043.645,0,120735,0,0,0,Consumer credit,-34,0
100002,6158909,Active,currency 1,-103,0,,,40.5,0,31988.565,0,31988.565,0,Credit card,-24,0
100003,5885877,Closed,currency 1,-2586,0,-2434,-2131,0,0,22248,0,0,0,Consumer credit,-2131,
100003,5885878,Closed,currency 1,-1636,0,-540,-540,0,0,112500,0,0,0,Credit card,-540,
100003,5885879,Closed,currency 1,-775,0,-420,-621,0,0,72652.5,0,0,0,Consumer credit,-550,
100003,5885880,Active,currency 1,-606,0,1216,,0,0,810000,0,810000,0,Credit card,-43,
100004,6829133,Closed,currency 1,-1326,0,-595,-683,,0,94500,0,0,0,Consumer credit,-682,
100004,6829134,Closed,currency 1,-408,0,-382,-382,0,0,94537.8,0,0,0,Consumer credit,-382,
100005,6735200,Closed,currency 1,-373,0,-128,-123,,0,58500,0,0,0,Credit card,-121,0
100005,6735201,Active,currency 1,-137,0,1324,,,0,568800,543087,0,0,Consumer credit,-11,0
100005,6735202,Active,currency 1,-62,0,122,,0,0,29826,25321.5,0,0,Consumer credit,-31,4261.5
100007,5987200,Closed,currency 1,-1149,0,-783,-783,0,0,146250,0,0,0,Consumer credit,-783,
100008,6491432,Closed,currency 1,-1097,0,-792,-790,,0,95134.5,0,0,0,Consumer credit,-790,
100008,6491433,Closed,currency 1,-1097,0,-853,-1028,,0,105705,0,0,0,Consumer credit,-1027,
100008,6491434,Active,currency 1,-78,0,471,,0,0,267606,240057,0,0,Consumer credit,-16,
100009,5650996,Closed,currency 1,-684,0,-313,-313,,0,61965,0,0,0,Consumer credit,-283,
100009,5650997,Closed,currency 1,-782,0,1044,-415,,0,351000,0,0,0,Consumer credit,-375,
100009,5650998,Closed,currency 1,-1428,0,-1245,-1244,,0,93465,0,0,0,Consumer credit,-782,
100009,5650999,Closed,currency 1,-1241,0,-1056,-1055,,0,37710,0,0,0,Consumer credit,-1055,
100009,5651000,Closed,currency 1,-1686,0,139,-819,,0,1777500,0,0,0,Consumer credit,-591,
100009,5651002,Closed,currency 1,-1765,0,-1581,-1580,,0,66825,0,0,0,Consumer credit,-1549,
100009,5651003,Active,currency 1,-239,0,-209,,,0,337500,326628,0,0,Credit card,-86,
100009,5651004,Active,currency 1,-424,0,1402,,,0,642861,557959.5,0,0,Consumer credit,-27,
100009,5651005,Closed,currency 1,-2882,0,-2152,-2152,,0,247500,,,0,Consumer credit,-2152,
100009,5651006,Closed,currency 1,-1427,0,-1245,-1245,,0,93465,0,,0,Consumer credit,-1127,
100009,5651007,Closed,currency 1,-1879,0,-1699,-986,,0,97978.5,,,0,Consumer credit,-983,
100009,5651008,Closed,currency 1,-1259,0,-1080,-986,,0,114799.5,,,0,Consumer credit,-983,
100009,5651009,Active,currency 1,-1293,0,,,,0,187200,0,,0,Credit card,-847,
100009,5651010,Active,currency 1,-411,0,,,,0,360000,192762,,0,Consumer credit,-23,
100009,5651011,Closed,currency 1,-2018,0,-1774,-1774,0,0,35770.5,0,0,0,Consumer credit,-1518,
100009,5651012,Closed,currency 1,-1609,0,-1517,-1517,0,0,100665,0,0,0,Consumer credit,-1517,
100009,5651013,Closed,currency 1,-1133,0,-951,-951,0,0,83952,,,0,Consumer credit,-949,
100009,5651014,Closed,currency 1,-727,0,-482,-482,0,0,110655,0,0,0,Consumer credit,-482,
100010,5576630,Active,currency 1,-1138,0,689,,,0,675000,348007.5,0,0,Consumer credit,-18,
100010,5576632,Closed,currency 1,-2741,0,-928,-1138,,0,315000,0,,0,Loan for business development,-1138,
100011,5741082,Closed,currency 1,-2508,0,-2173,-2197,10147.23,0,90744.3,0,0,0,Consumer credit,-2172,
100011,5741083,Closed,currency 1,-1960,0,-860,-1618,0,0,54000,0,0,0,Credit card,-1618,
100011,5741084,Closed,currency 1,-1309,0,-1070,-1070,,0,145242,0,0,0,Consumer credit,-1064,
100011,5741085,Closed,currency 1,-1315,0,-1070,-968,,0,145242,,,0,Consumer credit,-965,
100013,5922077,Closed,currency 1,-1210,0,-1089,-1118,,0,26490.06,0,,0,Consumer credit,-4,
100013,5922081,Closed,currency 1,-2070,0,-1707,-1218,,0,95040,,,0,Consumer credit,-1215,0
100013,5922082,Closed,currency 1,-1665,0,-567,-549,,0,1262250,,,0,Car loan,-549,0
100013,5922083,Closed,currency 1,-2005,0,-909,-1334,19305,0,688500,,,0,Car loan,-1334,
100014,5326766,Closed,currency 1,-1781,0,45,-424,,0,900000,0,0,0,Consumer credit,-379,
100014,5326767,Closed,currency 1,-435,0,-375,-346,,0,182250,,,0,Consumer credit,-340,
100014,5326768,Closed,currency 1,-2308,0,-2004,-1992,9580.5,0,26194.5,,,0,Consumer credit,-1991,
100014,5326769,Closed,currency 1,-1433,0,-1250,-1250,0,0,44379,,,0,Consumer credit,-1246,
100014,5326770,Closed,currency 1,-1215,0,-484,-458,25.335,0,450000,0,0,0,Consumer credit,-458,
100014,5326771,Closed,currency 1,-792,0,-458,-458,0,0,121358.925,0,0,0,Consumer credit,-454,
100014,5326772,Active,currency 1,-423,0,704,,12752.28,0,571500,420201,0,0,Consumer credit,-25,
100014,5326773,Active,currency 1,-376,0,723,,0,0,434250,338013,0,0,Consumer credit,-34,
100015,5473348,Closed,currency 1,-1031,0,-666,-666,,0,94320,0,0,0,Consumer credit,-660,
100015,5473349,Closed,currency 1,-1409,0,-1045,-907,,0,131103,,,0,Consumer credit,-904,
100015,5473350,Closed,currency 1,-1032,0,-666,-641,,0,94320,,,0,Consumer credit,-638,
100015,5473351,Closed,currency 1,-319,0,-16,-8,,0,89752.5,,,0,Consumer credit,-3,
100016,5217354,Active,currency 1,-262,0,845,,,0,67500,0,0,0,Credit card,-46,
100016,5217355,Active,currency 1,-141,0,223,,,0,88996.5,63724.5,0,0,Consumer credit,-8,
100016,5217356,Closed,currency 1,-1634,0,-1331,-1073,,0,58495.5,0,,0,Consumer credit,-1073,
100016,5217357,Active,currency 1,-128,0,236,,,0,91264.5,,,0,Consumer credit,-3,
100016,5217358,Active,currency 1,-142,0,223,,,0,88996.5,,,0,Consumer credit,-3,
100016,5217359,Closed,currency 1,-1494,0,-1369,-1369,0,0,22086,0,0,0,Consumer credit,-1367,
100016,5217360,Closed,currency 1,-528,0,-347,-347,0,0,57645,0,0,0,Consumer credit,-341,
100017,5704884,Closed,currency 1,-2881,0,-2546,-2575,0,0,107230.5,0,0,0,Consumer credit,-2575,
100017,5704885,Closed,currency 1,-2562,0,-2227,-2256,0,0,63990,0,0,0,Consumer credit,-2256,
100017,5704886,Closed,currency 1,-2151,0,-1785,-1785,,0,225000,0,0,0,Consumer credit,-1412,
100017,5704887,Closed,currency 1,-1750,0,-1439,-1439,,0,123318,,,0,Consumer credit,-1434,
100017,5704888,Closed,currency 1,-1413,0,-1274,-1274,,0,25231.5,,,0,Consumer credit,-1266,
100017,5704889,Closed,currency 1,-909,0,197,-738,0,0,315000,,,0,Credit card,-623,
100019,5832095,Active,currency 1,-495,0,10463,,0,0,270000,0,270000,0,Credit card,-46,27000
100019,5832096,Active,currency 1,-495,0,419,,0,0,450000,245470.14,0,0,Consumer credit,-7,27000
100020,6093289,Closed,currency 1,-492,0,-311,-311,0,0,19125,0,0,0,Consumer credit,-310,
100020,6093290,Closed,currency 1,-288,0,-104,-135,0,0,29160,0,0,0,Consumer credit,-133,
100020,6093291,Active,currency 1,-176,0,8,,0,0,16200,5845.5,0,0,Consumer credit,-52,
100020,6093292,Active,currency 1,-90,0,277,,0,0,135000,117243,0,0,Consumer credit,-28,
100022,6795607,Active,currency 1,-289,0,441,,,0,292500,205276.5,0,0,Consumer credit,-38,
100022,6795608,Active,currency 1,-385,0,1439,,0,0,765000,,,0,Consumer credit,-18,
100023,6296136,Closed,currency 1,-2624,0,-2228,-2287,2182.5,0,22500,0,0,0,Consumer credit,-2287,
100023,6296137,Active,currency 1,-2370,0,-1250,-2335,0,0,45000,0,0,0,Credit card,-635,
100023,6296138,Closed,currency 1,-1054,0,-809,-793,,0,39969,0,0,0,Consumer credit,-696,
100023,6296140,Active,currency 1,-984,0,60,,,0,45000,41881.5,0,0,Credit card,-34,
100023,6296141,Active,currency 1,-1054,0,773,,,0,123637.5,70443,0,0,Consumer credit,-34,
100023,6296142,Closed,currency 1,-1507,0,-1265,-1265,,0,52483.5,,,0,Consumer credit,-1265,
100023,6296143,Closed,currency 1,-1269,0,-871,-871,,0,63751.5,24714,,0,Consumer credit,-871,
100023,6296144,Closed,currency 1,-994,0,-810,-810,,0,93591,0,,0,Credit card,-810,
100023,6296145,Closed,currency 1,-1053,0,-809,-809,,0,39969,0,,0,Consumer credit,-806,
100023,6296146,Closed,currency 1,-753,0,,-508,,0,225000,,,0,Credit card,-508,
100023,6296147,Closed,currency 1,-508,0,1318,-138,,0,221121,,,0,Consumer credit,-135,
100023,6296148,Active,currency 1,-157,0,1669,,,0,444078,0,,0,Consumer credit,-5,
100023,6296149,Closed,currency 1,-810,0,-157,-157,5980.05,0,229591.845,0,0,0,Consumer credit,-157,
100025,6187585,Active,currency 1,-700,0,1124,,,0,2452500,1886544,0,0,Consumer credit,-49,
100026,5103096,Active,currency 1,-245,0,1581,,,0,2700000,2542576.5,0,0,Consumer credit,-23,
100026,5103097,Closed,currency 1,-1644,0,,-916,,0,1575000,,,0,Consumer credit,-914,
100026,5103098,Active,currency 1,-148,0,217,,0,0,1350000,935237.88,0,0,Microloan,-7,
100027,5904153,Closed,currency 1,-1983,0,-1649,-1675,5130,0,40297.5,0,0,0,Consumer credit,-1675,
100027,5904154,Active,currency 1,-143,0,944,,,0,427500,376713,0,0,Consumer credit,-3,
100027,5904155,Closed,currency 1,-253,0,-130,-130,0,0,157500,0,0,0,Consumer credit,-124,
100028,6356879,Closed,currency 1,-992,0,-452,-845,,0,43024.5,0,,0,Consumer credit,-563,
100028,6356880,Active,currency 1,-1805,0,-1105,,,0,0,0,0,0,Credit card,-54,
100028,6356881,Closed,currency 1,-2105,0,-1862,-1836,,0,31630.5,0,0,0,Consumer credit,-1027,0
100028,6356882,Closed,currency 1,-1924,0,-1375,-1375,,0,130257,0,0,0,Consumer credit,-1001,0
100028,6356883,Active,currency 1,-1821,0,30885,,,0,162000,7713,0,0,Credit card,-913,1624.5
100028,6356884,Active,currency 1,-307,0,935,,,0,180000,151015.5,0,0,Credit card,-141,
100028,6356885,Closed,currency 1,-2104,0,-1862,-1862,,0,31630.5,0,,0,Consumer credit,-1564,0
100028,6356886,Closed,currency 1,-1923,0,-1375,-1375,,0,130261.5,0,,0,Consumer credit,-1102,0
100028,6356887,Active,currency 1,-1050,0,776,,0,0,393750,,,0,Consumer credit,-66,6562.485
100028,6356888,Closed,currency 1,-1419,0,-688,-688,0,0,183600,,,0,Consumer credit,-685,
100028,6356889,Active,currency 1,-269,0,,,0,0,128971.08,27576,101390.76,0,Credit card,-20,12897.09
100028,6356890,Closed,currency 1,-1102,0,,-687,0,0,105750,0,0,0,Credit card,-682,
100029,5460403,Closed,currency 1,-1376,0,-1286,-1266,,0,24016.5,0,0,0,Consumer credit,-804,
100029,5460404,Closed,currency 1,-2806,0,1563,-2064,,0,3645000,,,0,Mortgage,-2064,
100029,5460405,Closed,currency 1,-1375,0,-1286,-1294,,0,24016.5,0,,0,Consumer credit,-1282,
100029,5460406,Active,currency 1,-110,0,,,,0,3735000,3682287,,0,Mortgage,-17,
100030,6584419,Closed,currency 1,-1547,0,238,-418,0,0,0,0,0,0,Credit card,-363,
100030,6584420,Closed,currency 1,-1265,0,-1173,-1173,0,0,21975.57,0,0,0,Consumer credit,-1173,
100030,6584421,Active,currency 1,-1053,0,,,0,0,45000,19341,25656.03,0,Credit card,-9,
100030,6584422,Closed,currency 1,-840,0,-655,-778,0,0,18500.4,0,0,0,Consumer credit,-778,
100030,6584423,Closed,currency 1,-462,0,-127,-127,0,0,49455,0,0,0,Consumer credit,-125,
100030,6584424,Active,currency 1,-418,0,1409,,0,0,508500,432301.5,0,0,Consumer credit,-19,
100031,6187661,Closed,currency 1,-1365,0,-269,-991,,0,573358.5,0,,0,Consumer credit,-989,
100031,6187662,Closed,currency 1,-992,0,469,-499,,0,1125000,1125000,,0,Consumer credit,-499,
100031,6187663,Closed,currency 1,-501,0,960,-233,,0,1350000,,,0,Consumer credit,-211,
100031,6187664,Closed,currency 1,-203,0,162,-73,,0,171013.5,,,0,Consumer credit,-72,
100031,6187665,Active,currency 1,-741,0,,,,0,112500,,,0,Credit card,-72,
100031,6187666,Active,currency 1,-75,0,1021,,,0,548779.5,,,0,Consumer credit,-12,
100031,6187667,Active,currency 1,-180,0,,,,0,90000,,,0,Credit card,-9,
100032,5038523,Closed,currency 1,-951,0,-586,-586,,0,152910,0,0,0,Consumer credit,-585,17437.5
100032,5038524,Closed,currency 1,-1389,0,-662,-662,,0,454500,0,0,0,Consumer credit,-652,17437.5
100032,5038525,Closed,currency 1,-1388,0,-662,-662,0,0,454500,0,0,0,Consumer credit,-456,17437.5
100032,5038526,Active,currency 1,-556,0,-191,,0,0,209250,0,0,0,Consumer credit,-54,17437.5
100033,5943236,Active,currency 1,-195,0,913,,,0,675000,0,0,0,Credit card,-169,
100035,5407249,Closed,currency 1,-2723,0,-2539,-2531,7349.265,0,17284.5,0,0,0,Consumer credit,-2508,
100035,5407250,Closed,currency 1,-2159,0,-2037,-2066,22365,0,61932.42,0,0,0,Consumer credit,-2066,
100035,5407251,Active,currency 1,-387,0,-152,,,0,225000,204709.5,0,0,Credit card,-58,
100035,5407252,Active,currency 1,-408,0,1416,,,0,1471500,1309194,0,0,Consumer credit,-58,
100035,5407253,Closed,currency 1,-2512,0,-2146,-2152,,0,135000,,,0,Consumer credit,-2152,
100035,5407254,Active,currency 1,-651,0,1175,,,0,810000,540468,,0,Consumer credit,-9,
100035,5407255,Active,currency 1,-184,0,546,,,0,491368.5,,,0,Consumer credit,-8,
100035,5407256,Closed,currency 1,-2591,0,-1860,-1346,22518,0,112500,,,0,Credit card,-1346,
100035,5407257,Active,currency 1,-979,0,9980,,2808,0,220500,,,0,Credit card,-33,
100036,6673494,Active,currency 1,-889,0,-462,,,0,94959,8339.355,,0,Consumer credit,-519,
100037,5837511,Closed,currency 1,-1994,0,-1871,-1896,,0,54900,0,0,0,Consumer credit,-1695,0
100037,5837512,Closed,currency 1,-1552,0,-1369,-1361,,0,55242,0,0,0,Consumer credit,-929,0
100037,5837513,Closed,currency 1,-1247,0,-1063,-1094,,0,78907.5,0,0,0,Consumer credit,-1094,0
100037,5837514,Closed,currency 1,-1552,0,-1370,-1492,,0,66478.5,0,0,0,Consumer credit,-1492,0
100037,5837515,Closed,currency 1,-1551,0,-1369,-1369,,0,55242,0,,0,Consumer credit,-1274,0
100037,5837516,Active,currency 1,-1467,0,,,,0,108000,0,,0,Credit card,-994,
100037,5837517,Closed,currency 1,-2379,0,-2225,-2252,0,0,90000,0,0,0,Consumer credit,-2243,0
100037,6630331,Closed,currency 1,-2761,0,-2608,-2636,0,0,83362.5,0,0,0,Consumer credit,-2636,0
100039,5153442,Active,currency 1,-91,0,1379,,,0,0,0,0,0,Credit card,-28,
100039,5153443,Active,currency 1,-449,0,1377,,,0,2341746,1830429,0,0,Consumer credit,-20,
100039,5153444,Closed,currency 1,-1485,0,-1406,-1406,,0,69970.5,,,0,Consumer credit,-1406,
100039,5153445,Closed,currency 1,-846,0,-788,-788,,0,32008.5,0,,0,Consumer credit,-788,
100039,5153446,Closed,currency 1,-557,0,-466,-466,,0,420867,0,,0,Car loan,-455,
100039,5153447,Closed,currency 1,-584,0,,-399,,0,4500,,,0,Consumer credit,-399,
100039,5153448,Closed,currency 1,-465,0,1256,-123,,0,0,0,,0,Credit card,-123,
100039,5153449,Sold,currency 1,-1206,0,-980,,,0,945000,0,,0,Car loan,-109,
100039,5153450,Active,currency 1,-90,0,641,,,0,675000,608319,,0,Consumer credit,-21,
100041,5325220,Closed,currency 1,-2890,0,-2678,-2701,5830.965,0,32969.79,0,0,0,Consumer credit,-2678,
100041,5325221,Closed,currency 1,-2793,0,-1669,-1495,0,0,180000,0,0,0,Credit card,-1495,
100041,5325222,Closed,currency 1,-2312,0,-2098,-2128,0,0,29730.69,0,0,0,Consumer credit,-2128,
100041,5325223,Active,currency 1,-448,0,-53,,0,0,106870.68,0,0,0,Consumer credit,-439,
100041,5325224,Closed,currency 1,-1001,0,-695,-695,,0,38794.5,0,0,0,Consumer credit,-676,
100041,5325225,Closed,currency 1,-1065,0,-699,-699,,0,116100,0,0,0,Consumer credit,-676,
100041,5325226,Closed,currency 1,-1197,0,-919,-919,,0,14760,0,,0,Consumer credit,-919,
100041,5325227,Closed,currency 1,-1794,0,-1703,-1703,0,0,14580,0,0,0,Consumer credit,-1458,
100041,5325228,Closed,currency 1,-1669,0,-1366,-1275,1862.685,0,66555,0,0,0,Consumer credit,-1275,
100041,5325229,Closed,currency 1,-612,0,-429,-581,0,0,15030,0,0,0,Consumer credit,-579,
100041,5325230,Closed,currency 1,-548,0,-183,-336,0,0,103504.5,0,0,0,Consumer credit,-331,
100041,5325231,Closed,currency 1,-408,0,-224,-224,0,0,58455,0,0,0,Consumer credit,-219,
100041,5325232,Closed,currency 1,-66,0,117,-36,0,0,44955,0,0,0,Consumer credit,-34,
100042,5574778,Active,currency 1,-1631,0,-1449,,,0,80325,68449.5,,0,Consumer credit,-584,
100042,5574779,Active,currency 1,-1399,0,-1033,,,0,279585,171531,,0,Consumer credit,-574,
100042,5574780,Closed,currency 1,-2723,0,-1627,-1931,,0,675000,0,0,0,Consumer credit,-1082,0
100042,5574781,Closed,currency 1,-2723,0,-1627,-1931,,0,675000,0,0,0,Consumer credit,-1569,0
100042,5574782,Active,currency 1,-234,0,958,,,0,90000,65961,0,0,Credit card,-118,
100042,5574783,Active,currency 1,-234,0,497,,,0,700209,517540.5,0,0,Consumer credit,-19,35433
100042,5574784,Closed,currency 1,-262,0,1669,-76,,0,1414269,0,,0,Consumer credit,-74,0
100042,5574785,Active,currency 1,-887,0,1669,,,0,1414269,1111482,,0,Consumer credit,-6,30271.5
100042,5574786,Active,currency 1,-1031,0,74,,,0,270000,0,,0,Credit card,-4,0
100042,5574787,Active,currency 1,-662,0,1895,,0,0,1314000,1139198.895,0,0,Consumer credit,-23,30105
100042,5574788,Closed,currency 1,-1375,0,452,-887,0,0,1323000,0,0,0,Consumer credit,-887,
100042,5574789,Closed,currency 1,-1390,0,-840,-1239,0,0,450000,0,0,0,Consumer credit,-1239,
100042,5574790,Active,currency 1,-2000,0,8957,,999,0,405000,,,0,Credit card,-10,40500
100042,5574791,Closed,currency 1,-2006,0,-910,-1386,5562,0,450000,,,0,Consumer credit,-1386,
100043,6102747,Closed,currency 1,-1169,0,-414,-130,,0,306000,0,0,0,Credit card,-127,16290
100043,6102748,Closed,currency 1,-2639,0,-2453,-2516,0,0,27720,0,0,0,Consumer credit,-2513,16290
100044,5057753,Closed,currency 1,-2729,0,-1624,-1781,0,0,225000,0,0,0,Credit card,-1781,
100044,5057754,Closed,currency 1,-2648,0,-2433,-2493,5476.5,0,38130.84,0,0,0,Consumer credit,-2493,
100044,5057755,Closed,currency 1,-2480,0,-1779,-1808,7425,0,106134.12,0,0,0,Consumer credit,-1808,
100044,5057756,Active,currency 1,-1827,0,660,,18406.935,0,135000,-130.005,418630.005,0,Credit card,-651,
100044,5057757,Active,currency 1,-1739,0,1178,,1125,0,22500,-78.885,247578.885,0,Credit card,-654,
100044,5057758,Active,currency 1,-403,0,509,,14310,0,279859.5,261509.49,0,0,Consumer credit,-218,
100044,5057759,Active,currency 1,-948,0,416,,,0,180000,173709,0,0,Credit card,-70,
100044,5057760,Active,currency 1,-773,0,1053,,,0,900000,648292.5,0,0,Consumer credit,-11,
100044,5057761,Closed,currency 1,-1634,0,-1486,-970,,0,360000,,,0,Consumer credit,-967,
100044,5057762,Closed,currency 1,-1809,0,-1628,-970,,0,15570,,,0,Consumer credit,-967,
100044,5057763,Active,currency 1,-83,0,648,,0,0,67500,64462.5,0,0,Consumer credit,-18,
100045,5377608,Closed,currency 1,-733,0,-337,-608,0,0,281205,0,0,0,Consumer credit,-608,
100045,5377609,Active,currency 1,-337,0,-3,,0,0,96832.89,89351.46,0,0,Consumer credit,-217,
100045,5377610,Closed,currency 1,-592,0,-274,-274,,0,60016.5,0,,0,Consumer credit,-254,
100046,6672229,Active,currency 1,-427,0,915,,,0,382500,0,0,0,Credit card,-9,
100046,6672230,Closed,currency 1,-1100,0,-369,-369,,0,701730,0,0,0,Consumer credit,-344,
100046,6672231,Closed,currency 1,-2653,0,-826,-1083,,0,3595500,0,0,0,Car loan,-907,
100046,6672232,Closed,currency 1,-1793,0,-711,-1341,,0,7957530,0,0,0,Car loan,-1331,
100047,5357372,Closed,currency 1,-2055,0,-960,-977,,0,675000,0,0,0,Consumer credit,-619,
100047,5357373,Active,currency 1,-956,0,116,,,0,630000,692253,0,0,Credit card,-20,
100047,5357374,Active,currency 1,-1195,0,4284,,,0,4045500,,,0,Mortgage,-1140,
100047,5357375,Closed,currency 1,-898,0,928,-420,0,0,1479834,0,0,0,Consumer credit,-420,
100047,5357376,Active,currency 1,-420,0,2137,,13518.675,0,2697300,2528203.5,0,0,Consumer credit,-24,
100048,5295749,Closed,currency 1,-75,0,-66,-66,0,0,22905,0,0,0,Microloan,-61,
100049,5244757,Active,currency 1,-1052,0,-505,,,0,84816,10890,0,0,Consumer credit,-516,
100049,5244758,Active,currency 1,-409,0,967,,,0,112500,100395,0,0,Credit card,-27,
100049,5244759,Active,currency 1,-568,0,518,,,0,414000,383112,0,0,Credit card,-8,
100049,5244760,Closed,currency 1,-2179,0,-1469,-1469,,0,141480,,,0,Credit card,-1469,
100049,5244761,Active,currency 1,-27,0,340,,,0,21375,21865.5,,0,Consumer credit,-18,
100049,5244762,Closed,currency 1,-799,0,-554,-554,0,0,32576.85,0,0,0,Consumer credit,-550,
100049,5244763,Active,currency 1,-700,0,,,0,0,45000,36180,8819.235,0,Credit card,-32,
100050,6363403,Closed,currency 1,-2702,0,-2305,-2334,,0,157282.38,0,,0,Consumer credit,-872,
100050,6363404,Closed,currency 1,-2679,0,-2295,-2357,,0,135459,0,0,0,Consumer credit,-2315,0
100050,6363405,Closed,currency 1,-694,0,189,-145,,0,450000,0,0,0,Consumer credit,-135,0
100053,5723576,Closed,currency 1,-2689,0,-2534,-2521,,0,26919,0,0,0,Consumer credit,-787,
100053,5723577,Closed,currency 1,-1764,0,-648,-648,,0,135000,0,0,0,Consumer credit,-644,
100053,5723578,Active,currency 1,-2338,0,-1958,,,0,48820.5,,,0,Consumer credit,-1945,
100053,5723579,Closed,currency 1,-2688,0,-2534,-2551,,0,26919,0,,0,Consumer credit,-1723,
100053,5723580,Closed,currency 1,-2893,0,,-1588,,0,0,0,,0,Credit card,-1588,
100053,5723581,Closed,currency 1,-2639,0,-2496,-2496,,0,77850,0,,0,Credit card,-729,
100053,5723582,Closed,currency 1,-1925,0,-832,-707,,0,225000,,,0,Consumer credit,-704,
100053,5723583,Closed,currency 1,-1767,0,-648,-630,,0,135000,,,0,Consumer credit,-630,
100054,5727772,Closed,currency 1,-1483,0,-1115,-1114,,0,48600,0,0,0,Consumer credit,-1114,
100054,5727773,Active,currency 1,-1138,0,-772,,0,0,56092.5,0,0,0,Consumer credit,-42,
100055,5827032,Closed,currency 1,-913,0,-792,-790,,0,48150,0,0,0,Consumer credit,-789,
100055,5827033,Closed,currency 1,-958,0,-806,-806,,0,119025,0,0,0,Consumer credit,-759,
100055,5827034,Closed,currency 1,-2202,0,-378,-370,,0,450000,0,0,0,Consumer credit,-367,
100055,5827035,Active,currency 1,-350,0,,,,0,103500,,,0,Credit card,-62,
100055,5827036,Active,currency 1,-350,0,746,,,0,669240,,,0,Consumer credit,-13,
100055,5827037,Active,currency 1,-1204,0,623,,,0,1370254.5,1210297.5,,0,Car loan,-13,
100055,5827038,Active,currency 1,-161,0,145,,0,0,66562.515,34140.555,0,0,Consumer credit,-13,
100057,5004962,Closed,currency 1,-2407,0,-2312,-2312,,0,67500,0,0,0,Consumer credit,-1790,0
100057,5004963,Closed,currency 1,-349,0,-44,-134,,0,52933.5,0,0,0,Consumer credit,-99,5917.5
100057,5004964,Closed,currency 1,-1511,0,5813,-426,,0,2268000,0,0,0,Mortgage,-185,0
100057,5004965,Closed,currency 1,-337,0,-44,-134,,0,52933.5,0,,0,Consumer credit,-106,5917.5
100057,5004966,Closed,currency 1,-787,0,676,-443,0,0,242514,,,0,Car loan,-443,
100057,5004967,Closed,currency 1,-1542,0,-863,-863,0,0,81219.6,0,0,0,Consumer credit,-858,
100057,6400405,Active,currency 1,-1463,0,,,,0,164250,0,,0,Credit card,-1089,0
100057,6400406,Closed,currency 1,-2623,0,-2530,-2530,0,0,22909.5,0,0,0,Consumer credit,-2529,
100058,6552703,Closed,currency 1,-650,0,-378,-172,,0,90000,0,0,0,Credit card,-169,
100058,6552704,Closed,currency 1,-2536,0,-709,-758,,0,450000,0,0,0,Consumer credit,-562,
100058,6552705,Active,currency 1,-790,0,284,,,0,135000,127777.5,0,0,Credit card,-18,
100058,6552706,Active,currency 1,-223,0,31087,,,0,135000,130819.5,,0,Credit card,-18,
100059,6744278,Closed,currency 1,-449,0,-174,-174,,0,55030.5,0,0,0,Consumer credit,-171,0
100059,6798301,Closed,currency 1,-764,0,-522,-610,,0,87066,0,0,0,Consumer credit,-608,0
100059,6798302,Active,currency 1,-447,0,638,,,0,1624500,980784,,0,Car loan,-12,0
100059,6798303,Closed,currency 1,-194,0,-102,-102,0,0,75872.7,0,0,0,Consumer credit,-100,49986
100059,6798304,Closed,currency 1,-1343,0,-612,-642,17087.94,0,315000,0,0,0,Consumer credit,-642,0
100060,5369259,Closed,currency 1,-809,0,-444,-715,,0,80979.84,0,,0,Consumer credit,-288,0
100060,5369260,Closed,currency 1,-1211,0,-1026,-1022,,0,56839.5,0,0,0,Consumer credit,-774,
100060,5369261,Closed,currency 1,-1702,0,-1337,-1337,,0,39991.5,0,,0,Consumer credit,-1220,0
100060,5369262,Closed,currency 1,-1210,0,-1026,-1026,0,0,56839.5,0,0,0,Consumer credit,-1026,
100060,5564644,Closed,currency 1,-1703,0,-1337,-1328,,0,39991.5,0,0,0,Consumer credit,-805,0
100061,6830335,Closed,currency 1,-924,0,-738,-771,,0,37741.5,0,,0,Consumer credit,-426,
100062,6348204,Closed,currency 1,-306,0,273,-274,,0,127626.12,0,,0,Consumer credit,-270,
100062,6348205,Closed,currency 1,-2288,0,-861,-861,,0,954000,0,0,0,Consumer credit,-838,0
100063,5680682,Closed,currency 1,-384,0,-19,-353,,0,112896,0,,0,Consumer credit,-260,0
100063,5680683,Active,currency 1,-381,0,1280,,,0,0,0,0,0,Credit card,-14,0
100063,5680684,Active,currency 1,-381,0,746,,,0,900000,705651.345,,0,Consumer credit,-13,0
100063,5680685,Active,currency 1,-381,0,1280,,,0,0,0,0,0,Credit card,-14,0
100063,5680686,Closed,currency 1,-2781,0,-2446,-2474,,0,57906,0,,0,Consumer credit,-857,
100063,5680687,Closed,currency 1,-2909,0,-1934,-1932,,0,873000,0,0,0,Car loan,-1927,
100063,5680688,Closed,currency 1,-2565,0,-1835,-1952,,0,135000,0,0,0,Consumer credit,-1952,0
100063,5680689,Closed,currency 1,-248,0,848,-241,,0,585000,0,0,0,Credit card,-226,0
100063,5680690,Closed,currency 1,-354,0,-98,-98,,0,18000,0,0,0,Credit card,-96,
100063,5680691,Closed,currency 1,-1275,0,-1123,-1160,,0,13680,0,0,0,Consumer credit,-1159,13761
100063,5680692,Closed,currency 1,-1326,0,-230,-249,,0,108000,0,0,0,Credit card,-247,12019.5
100063,5680693,Closed,currency 1,-1348,0,-252,-362,,0,494505,0,0,0,Consumer credit,-359,0
100063,5680694,Closed,currency 1,-1806,0,-1075,-1316,,0,180000,0,0,0,Consumer credit,-1315,0
100063,5680695,Active,currency 1,-1011,0,11,,,0,40500,29988,0,0,Credit card,-4,0
100063,5680696,Active,currency 1,-266,0,915,,,0,180000,169758,0,0,Credit card,-171,0
100063,5680697,Active,currency 1,-238,0,858,,,0,585000,479065.5,0,0,Credit card,-9,0
100063,5680698,Closed,currency 1,-2497,0,-303,-915,,0,202500,,,0,Credit card,-914,14232.51
100063,5680699,Active,currency 1,-266,0,708,,2502,0,520344,267426,,0,Consumer credit,-10,
100064,6612298,Active,currency 1,-509,0,221,,,0,94500,34951.5,0,0,Consumer credit,-21,4653
100064,6612299,Active,currency 1,-339,0,-141,,,0,67500,60462,0,0,Credit card,-172,
100065,6805526,Active,currency 1,-1060,0,620,,,0,63000,60218.775,2781.225,0,Credit card,-8,
100065,6805527,Closed,currency 1,-1207,0,-1116,-1116,,0,22990.5,0,0,0,Consumer credit,-985,0
100065,6805528,Closed,currency 1,-1206,0,-1117,-1117,,0,22995,0,,0,Consumer credit,-1111,0
100065,6805529,Active,currency 1,-939,0,-758,,,0,90805.5,,,0,Consumer credit,-775,15642
100065,6805530,Closed,currency 1,-939,0,-758,-758,,0,90805.5,,,0,Consumer credit,-754,0
100065,6805531,Closed,currency 1,-1123,0,-520,-519,,0,36000,0,,0,Credit card,-516,0
100065,6805532,Closed,currency 1,-717,0,-533,-595,,0,137614.5,,,0,Consumer credit,-505,0
100065,6805533,Closed,currency 1,-595,0,-414,-480,,0,175500,,,0,Consumer credit,-480,0
100065,6805534,Closed,currency 1,-480,0,-115,-266,,0,225000,0,,0,Consumer credit,-263,0
100065,6805535,Closed,currency 1,-266,0,99,-107,,0,247500,0,,0,Consumer credit,-106,0
100065,6805536,Active,currency 1,-107,0,259,,,0,348237,303223.5,,0,Consumer credit,-17,33777
100065,6805537,Closed,currency 1,-317,0,-133,-133,0,0,70425.945,0,0,0,Consumer credit,-133,
100065,6805538,Active,currency 1,-358,0,27225,,0,0,180000,176831.235,3168.765,0,Credit card,-15,4500
100066,5790310,Closed,currency 1,-463,0,1363,-323,,0,450000,0,0,0,Consumer credit,-310,0
100066,5790311,Closed,currency 1,-674,0,1152,-307,,0,297000,0,0,0,Consumer credit,-188,0
100066,5790312,Active,currency 1,-491,0,873,,,0,202500,181687.5,0,0,Credit card,-201,
100067,5828816,Closed,currency 1,-763,0,30886,-118,,0,0,0,,0,Credit card,-60,
100067,5828817,Closed,currency 1,-877,0,-543,-724,,0,27094.5,0,,0,Consumer credit,-721,
100067,5828818,Closed,currency 1,-555,0,-220,-256,,0,48559.5,0,,0,Consumer credit,-253,
100067,5828819,Closed,currency 1,-392,0,-27,-147,,0,27774,0,,0,Consumer credit,-115,
100067,5828820,Closed,currency 1,-592,0,-257,-408,,0,20655,0,,0,Consumer credit,-398,
100067,5828821,Closed,currency 1,-1628,0,198,-164,,0,1260000,0,0,0,Consumer credit,-160,0
100067,5828822,Closed,currency 1,-309,0,-180,-169,,0,67500,0,0,0,Credit card,-167,0
100067,5828823,Closed,currency 1,-539,0,-419,-373,,0,126000,0,0,0,Credit card,-370,0
100067,5828824,Active,currency 1,-57,0,126,,,0,19980,16879.5,0,0,Consumer credit,-13,0
100067,5828825,Active,currency 1,-423,0,308,,,0,284310,147406.5,0,0,Consumer credit,-58,11961
100067,5828826,Active,currency 1,-897,0,,,,0,90000,,,0,Credit card,-568,0
100067,5828827,Closed,currency 1,-200,0,,-161,,0,112500,,,0,Credit card,-150,0
100067,5828828,Closed,currency 1,-386,0,-27,-147,,0,27774,0,,0,Consumer credit,-147,2835
100067,5828829,Active,currency 1,-143,0,951,,0,0,753750,711369,0,0,Consumer credit,-40,20937.51
100067,5828830,Active,currency 1,-190,0,,,0,0,317250,301315.5,15932.25,0,Credit card,-30,31725
100067,5828831,Closed,currency 1,-543,0,-176,-330,0,0,53955,0,0,0,Consumer credit,-330,
100067,5828832,Closed,currency 1,-1358,0,9600,-906,0,0,0,,,0,Credit card,-906,
100068,5086751,Closed,currency 1,-2380,0,,-2020,,0,90000,,,0,Consumer credit,-2020,
100068,5086752,Closed,currency 1,-816,0,,-538,,0,4500,,,0,Consumer credit,-538,
100068,5086753,Closed,currency 1,-2529,0,-1798,-1455,5912.865,0,120430.8,0,0,0,Consumer credit,-1455,
100068,5086754,Closed,currency 1,-1365,0,-1059,-1059,0,0,36823.14,0,0,0,Consumer credit,-1059,
100068,5086755,Active,currency 1,-400,0,1426,,0,0,900000,799038,0,0,Consumer credit,-35,
100069,5653667,Closed,currency 1,-1975,0,-1820,-1820,,0,57469.5,0,0,0,Consumer credit,-1593,
100069,5653668,Closed,currency 1,-2263,0,-437,-448,,0,2475000,0,0,0,Consumer credit,-347,
100069,5653669,Active,currency 1,-467,0,1359,,,0,3600000,3059608.5,0,0,Consumer credit,-6,40486.5
100069,5653670,Active,currency 1,-112,0,253,,0,0,116856,92650.5,0,0,Consumer credit,-18,
100070,5524299,Active,currency 1,-1366,0,837,,,0,630000,545202,0,0,Credit card,-6,
100070,5524300,Closed,currency 1,-2350,0,-1255,-1665,,0,2025000,0,,0,Consumer credit,-1628,
100070,5524301,Closed,currency 1,-1666,0,-570,-1252,,0,2025000,0,,0,Consumer credit,-1243,
100070,5524302,Closed,currency 1,-1252,0,-156,-460,,0,2025000,0,,0,Consumer credit,-452,
100070,5524303,Active,currency 1,-299,0,797,,,0,1800000,1450858.5,,0,Consumer credit,-4,
100070,5524304,Active,currency 1,-2206,0,1103,,,0,253800,253575,,0,Credit card,-4,
100071,5132447,Closed,currency 1,-2258,0,-1977,-1977,,0,126000,0,0,0,Consumer credit,-594,
100071,5132448,Closed,currency 1,-1592,0,-861,-861,,0,184500,0,0,0,Consumer credit,-593,
100071,5132449,Closed,currency 1,-1106,0,-740,-850,,0,144000,0,0,0,Consumer credit,-593,
100071,5132450,Closed,currency 1,-1421,0,-1056,-973,,0,143559,,,0,Consumer credit,-970,
100072,5892290,Closed,currency 1,-630,0,,-119,,0,252000,,,0,Consumer credit,-119,11250
100072,5892291,Closed,currency 1,-494,0,-314,-313,10368.495,0,62716.5,0,0,0,Consumer credit,-310,11250
100073,5490698,Active,currency 1,-524,0,1045,,,0,180000,165465,0,0,Credit card,-42,
100073,5490699,Closed,currency 1,-1788,0,-1468,-1468,,0,151983,,,0,Consumer credit,-1459,
100073,5490700,Active,currency 1,-1015,0,,,54907.965,0,1575000,1149471,425528.64,0,Credit card,-39,
100073,5490701,Active,currency 1,-181,0,,,0,0,270000,222187.5,47810.79,0,Credit card,-25,
100074,6190672,Closed,currency 1,-1307,0,-1002,-1005,,0,30555,0,,0,Consumer credit,-1002,0
100074,6190673,Closed,currency 1,-1030,0,-300,-300,0,0,286634.52,0,0,0,Consumer credit,-296,
100074,6190674,Closed,currency 1,-2071,0,-1765,-1765,4011.57,0,43785,0,0,0,Consumer credit,-1765,
100075,5383474,Active,currency 1,-1637,0,-1463,,,0,24066,8320.5,,0,Consumer credit,-425,
100075,5383475,Active,currency 1,-83,0,1013,,,0,112500,110259,0,0,Consumer credit,-39,
100075,5383476,Active,currency 1,-862,0,479,,,0,225000,178965,0,0,Credit card,-39,
100075,5383477,Active,currency 1,-906,0,920,,,0,630000,250240.5,0,0,Consumer credit,-10,
100076,5471413,Active,currency 1,-121,0,,,,0,1350000,1321393.5,,0,Consumer credit,-20,61470
100076,5471414,Active,currency 1,-441,0,627,,49170.24,0,1811057.58,1159215.705,0,0,Car loan,-10,61470
100076,5471415,Active,currency 1,-171,0,912,,0,0,135000,130250.79,4749.21,0,Credit card,-10,61470
100077,5059219,Closed,currency 1,-778,0,-650,-649,,0,225000,0,0,0,Credit card,-633,
100077,5059220,Closed,currency 1,-1186,0,-1002,-977,,0,96228,0,0,0,Consumer credit,-721,
100077,5059221,Closed,currency 1,-1185,0,-1002,-1002,,0,96228,0,,0,Consumer credit,-773,
100077,5059222,Active,currency 1,-148,0,,,0,0,270000,257926.5,12073.05,0,Credit card,-24,
100078,6460631,Closed,currency 1,-1308,0,519,-134,,0,292500,0,0,0,Consumer credit,-125,54000
100078,6460632,Active,currency 1,-862,0,,,0,0,540000,537165,2832.705,0,Credit card,-28,54000
100078,6520708,Closed,currency 1,-1338,0,489,-119,,0,310500,0,0,0,Consumer credit,-85,
100079,6445631,Closed,currency 1,-553,0,-371,-357,,0,60781.5,0,0,0,Consumer credit,-354,
100080,6620394,Closed,currency 1,-1802,0,-1651,-1652,,0,30150,0,0,0,Consumer credit,-1516,
100082,5479491,Closed,currency 1,-799,0,-781,-775,,0,380250,0,0,0,Consumer credit,-707,
100082,5479492,Closed,currency 1,-1448,0,-811,-806,,0,90000,0,0,0,Credit card,-710,
100082,5479493,Closed,currency 1,-1017,0,-712,-775,,0,90855,0,0,0,Consumer credit,-775,
100082,5479494,Closed,currency 1,-1079,0,-276,-105,,0,360000,0,0,0,Credit card,-102,
100082,5479495,Closed,currency 1,-1175,0,-870,-992,,0,59395.5,0,0,0,Consumer credit,-990,
100082,5479496,Closed,currency 1,-1791,0,35,-1543,,0,900000,0,0,0,Consumer credit,-495,
100082,5479497,Active,currency 1,-1270,0,-198,,,0,135000,124573.5,0,0,Credit card,-47,
100082,5479498,Active,currency 1,-1479,0,2174,,,0,3600000,2188683,0,0,Mortgage,-47,
100082,5479499,Closed,currency 1,-2572,0,-1469,-1469,,0,87750,0,,0,Credit card,-749,
100082,5479500,Closed,currency 1,-2035,0,8930,-1517,1449,1,225000,,,0,Credit card,-1517,
100082,5479501,Closed,currency 1,-1423,0,403,-697,0,0,450000,,,0,Consumer credit,-697,
100082,5479502,Closed,currency 1,-1404,0,9556,-779,31707,0,501750,,,0,Credit card,-779,
100082,5479503,Closed,currency 1,-601,0,1226,-360,0,0,1350000,,,0,Consumer credit,-360,
100082,5479504,Closed,currency 1,-592,0,10365,-456,0,0,481500,,,0,Credit card,-456,
100082,5479505,Active,currency 1,-361,0,1465,,0,0,1462500,,,0,Consumer credit,-88,
100082,5479506,Active,currency 1,-157,0,10802,,0,0,148500,,,0,Credit card,-80,
100082,5479507,Active,currency 1,-65,0,239,,0,0,71495.91,71495.91,0,0,Consumer credit,-56,
100083,6307728,Active,currency 1,-494,0,1332,,,0,2153641.5,1756003.5,0,0,Car loan,-32,
100083,6307729,Closed,currency 1,-1964,0,-503,-525,,0,1084239,0,,0,Car loan,-525,
100084,6291458,Closed,currency 1,-2152,0,-1788,-991,,0,98100,,,0,Consumer credit,-988,0
100085,5059254,Closed,currency 1,-1114,0,-930,-926,,0,39096,0,0,0,Consumer credit,-926,
100085,5059255,Closed,currency 1,-1388,0,-1296,-1114,,0,14116.5,0,0,0,Consumer credit,-1114,
100085,5059256,Active,currency 1,-911,0,915,,,0,1350000,697500,0,0,Consumer credit,-15,
100085,5059257,Active,currency 1,-493,0,-371,,0,0,23985,0,0,0,Consumer credit,-50,
100086,5990278,Closed,currency 1,-1210,0,-1025,-1027,,0,80955,0,0,0,Consumer credit,-1027,
100086,5990279,Active,currency 1,-1364,0,-1182,,,0,100215,0,0,0,Consumer credit,-310,
100086,5990280,Active,currency 1,-847,0,979,,,0,297000,201816,0,0,Consumer credit,-17,
100086,5990281,Active,currency 1,-828,0,611,,,0,270000,202212,0,0,Credit card,-17,
100086,5990282,Active,currency 1,-218,0,511,,,0,276192,,,0,Consumer credit,-2,
100086,5990283,Closed,currency 1,-572,0,-451,-448,14453.865,0,53572.95,0,0,0,Consumer credit,-444,
100087,5665566,Active,currency 1,-80,0,-50,,,0,67500,0,0,0,Credit card,-53,
100087,5665567,Closed,currency 1,-644,0,-277,-276,,0,194400,0,0,0,Consumer credit,-275,
100087,5665568,Closed,currency 1,-644,0,-277,-276,,0,53010,0,0,0,Consumer credit,-275,
100087,5665569,Closed,currency 1,-731,0,,-644,0,0,0,0,0,0,Credit card,-407,
100087,5665570,Active,currency 1,-280,0,269,,10404.18,0,194715,118368,0,0,Consumer credit,-25,
100087,5665571,Active,currency 1,-15,0,531,,0,0,167380.515,167380.515,0,0,Consumer credit,-9,
100088,6422829,Closed,currency 1,-1337,0,1222,-418,,0,270000,0,0,0,Consumer credit,-390,
100088,6422830,Closed,currency 1,-2736,0,-910,-1337,,0,540000,0,0,0,Consumer credit,-669,
100088,6422831,Closed,currency 1,-1214,0,-664,-859,,0,157500,0,,0,Consumer credit,-856,
100088,6422832,Active,currency 1,-903,0,,,,0,135000,,,0,Consumer credit,-42,
100088,6422833,Active,currency 1,-851,0,610,,,0,675000,403969.5,,0,Consumer credit,-28,
100089,6385171,Closed,currency 1,-599,0,-265,-265,9283.5,0,116545.5,0,0,0,Consumer credit,-261,
100090,5231094,Active,currency 1,-315,0,50,,,0,51957,21648.555,,0,Consumer credit,-15,
100090,6369797,Active,currency 1,-208,0,157,,,0,61084.8,40522.275,,0,Consumer credit,-15,
100091,6772203,Closed,currency 1,-1409,0,-678,-678,,0,95179.5,0,,0,Consumer credit,-7,
100091,6772204,Closed,currency 1,-363,0,368,-118,,0,450000,0,,0,Consumer credit,-7,
100091,6772205,Active,currency 1,-119,0,1707,,,0,1404666,1367662.5,0,0,Consumer credit,-22,0
100092,6287193,Closed,currency 1,-537,0,-232,-231,,0,24250.5,0,0,0,Consumer credit,-230,0
100092,6287194,Closed,currency 1,-2413,0,-587,-1163,,0,135000,0,0,0,Consumer credit,-599,0
100092,6287195,Closed,currency 1,-2413,0,-587,-1163,,0,135000,0,0,0,Consumer credit,-912,0
100092,6287196,Active,currency 1,-292,0,42,,,0,67500,66487.5,0,0,Credit card,-91,
100092,6287197,Active,currency 1,-84,0,281,,,0,99450,84348,0,0,Consumer credit,-21,9405
100092,6287198,Active,currency 1,-530,0,1296,,,0,238500,124659,0,0,Consumer credit,-11,9270
100092,6287199,Active,currency 1,-363,0,370,,,0,218025,129978,0,0,Consumer credit,-27,8478
100092,6287200,Active,currency 1,-1163,0,661,,,0,373500,156951,0,0,Consumer credit,-36,9598.5
100092,6287201,Active,currency 1,-1163,0,661,,,0,373500,340407,0,0,Consumer credit,-912,9598.5
100092,6287202,Closed,currency 1,-2076,0,-1587,-1587,,0,82314,,,0,Consumer credit,-1587,
100092,6287203,Closed,currency 1,-1770,0,-1586,-1583,,0,30861,0,,0,Consumer credit,-1332,0
100092,6287204,Active,currency 1,-1587,0,-1040,,,0,132817.5,34479,,0,Consumer credit,-1141,9450
100092,6287205,Closed,currency 1,-1141,0,-363,-363,5849.28,0,303858.405,0,0,0,Consumer credit,-363,
100093,5710748,Closed,currency 1,-557,0,-174,-174,0,0,90000,0,0,0,Consumer credit,-174,
100094,5676240,Closed,currency 1,-1049,0,-379,-530,0,0,4500,-0.405,4500.405,0,Credit card,-530,
100094,5676241,Active,currency 1,-472,0,1355,,0,0,90000,0,0,0,Credit card,-472,
100094,5676242,Active,currency 1,-246,0,850,,0,0,67500,67434.48,65.52,0,Credit card,-160,
100094,5676243,Active,currency 1,-342,0,754,,,0,693000,543901.5,0,0,Consumer credit,-13,
100096,6238780,Closed,currency 1,-2922,0,-2610,-1647,,0,65610,,,0,Consumer credit,-1647,
100097,6175061,Closed,currency 1,-2726,0,-2400,-2326,,0,112428,,,0,Consumer credit,-2326,
100097,6175062,Closed,currency 1,-2116,0,-1813,-969,,0,80055,,,0,Consumer credit,-966,
100097,6175063,Active,currency 1,-87,0,97,,0,0,126810.18,86526,0,0,Consumer credit,-18,
100099,6221641,Closed,currency 1,-833,0,-651,-647,,0,45531,0,0,0,Consumer credit,-646,
100099,6221642,Closed,currency 1,-1010,0,-645,-430,,0,0,0,0,0,Credit card,-423,0
100099,6221643,Active,currency 1,-1504,0,322,,,0,494550,90670.5,0,0,Consumer credit,-10,
100099,6221644,Active,currency 1,-1161,0,666,,,0,197820,94864.5,0,0,Consumer credit,-31,0
100099,6221645,Closed,currency 1,-478,0,252,-350,,0,450000,,,0,Consumer credit,-350,
100099,6221646,Closed,currency 1,-570,0,-205,-350,,0,225000,,,0,Consumer credit,-350,4828.5
100099,6221647,Active,currency 1,-350,0,1476,,,0,512901,,,0,Consumer credit,-12,5562
100099,6221648,Active,currency 1,-162,0,1664,,,0,613350,,,0,Consumer credit,-5,
100099,6221649,Active,currency 1,-350,0,,,,0,90000,,,0,Credit card,-5,5562
100099,6221650,Closed,currency 1,-772,0,-590,-590,0,0,63022.5,0,0,0,Consumer credit,-587,9675
100100,6625591,Closed,currency 1,-1728,0,-1035,-205,,0,4500,0,,0,Credit card,-203,
100100,6625592,Closed,currency 1,-2830,0,-2616,-2704,,0,16911.45,0,,0,Consumer credit,-780,0
100100,6625593,Closed,currency 1,-1635,0,-1301,-1360,,0,54432,0,,0,Consumer credit,-780,19819.485
100100,6625594,Closed,currency 1,-443,0,-367,-367,,0,1800000,0,0,0,Consumer credit,-362,
100100,6625595,Closed,currency 1,-2696,0,-869,-869,,0,1287900,0,0,0,Car loan,-850,
100102,5604869,Closed,currency 1,-363,0,733,-210,,0,474300,0,0,0,Consumer credit,-159,
100102,5604870,Active,currency 1,-331,0,216,,,0,140584.5,65479.5,0,0,Consumer credit,-16,
100102,5604871,Active,currency 1,-211,0,1615,,,0,666000,628834.5,0,0,Consumer credit,-44,
100102,5604872,Closed,currency 1,-1554,0,,-719,0,0,0,0,0,0,Credit card,-336,
100102,5604873,Closed,currency 1,-1030,0,644,-359,0,0,192348,0,0,0,Consumer credit,-314,
100103,6683531,Closed,currency 1,-2259,0,-1925,-2012,20520,0,82549.35,0,0,0,Consumer credit,-2012,
100103,6683532,Closed,currency 1,-1773,0,-1467,-1467,0,0,111285,0,0,0,Consumer credit,-1465,
100103,6683533,Active,currency 1,-720,0,,,0,0,252000,12307.5,239689.8,0,Credit card,-19,
100104,5570072,Closed,currency 1,-2283,0,-457,-440,,0,765000,0,,0,Car loan,-435,
100105,5707340,Closed,currency 1,-1583,0,-1341,-1149,,0,247500,,,0,Consumer credit,-1146,
100105,5707341,Closed,currency 1,-382,0,-13,-13,,0,362781,0,,0,Consumer credit,-13,
100105,5707342,Active,currency 1,-175,0,7,,0,0,98454.42,18774,0,0,Consumer credit,-19,
100105,5707343,Closed,currency 1,-1315,0,-949,-949,10080,0,225000,0,0,0,Consumer credit,-949,
100105,5707344,Closed,currency 1,-1724,0,-1632,-1660,0,0,30600,0,0,0,Consumer credit,-1660,
100105,6153027,Closed,currency 1,-784,0,-54,-34,,0,699300,0,0,0,Consumer credit,-23,
100106,6765104,Closed,currency 1,-1070,0,,-809,,0,225000,,,0,Consumer credit,-809,
100107,6566321,Active,currency 1,-17,0,349,,0,0,124195.68,124195.68,0,0,Consumer credit,-17,10031.76
100108,6330989,Active,currency 1,-2238,0,-302,,,0,288000,40878,0,0,Credit card,-7,
100108,6330990,Active,currency 1,-982,0,,,,0,225000,,,0,Credit card,-18,
100108,6330991,Closed,currency 1,-2519,0,-2275,-1976,0,0,135661.5,0,0,0,Consumer credit,-1975,
100109,5011284,Closed,currency 1,-1065,0,-708,-950,,0,121513.5,0,,0,Consumer credit,-548,
100109,5011285,Closed,currency 1,-253,0,81,-160,,0,92242.8,0,,0,Consumer credit,-157,
100109,5011286,Active,currency 1,-97,0,237,,,0,97151.4,71553.555,,0,Consumer credit,-19,
100109,5011287,Closed,currency 1,-2413,0,-2231,-2231,,0,40531.815,0,,0,Consumer credit,-611,
100109,5011288,Closed,currency 1,-2154,0,-1818,-1818,,0,60246,0,0,0,Consumer credit,-1009,0
100109,5011289,Closed,currency 1,-2043,0,30903,-1831,,0,87750,0,0,0,Credit card,-763,0
100109,5011290,Closed,currency 1,-1369,0,-1184,-1179,,0,68400,0,0,0,Consumer credit,-960,0
100109,5011291,Closed,currency 1,-1005,0,-821,-939,,0,34407,0,0,0,Consumer credit,-937,0
100109,5011292,Active,currency 1,-158,0,739,,,0,67500,64215,0,0,Credit card,-9,3600
100109,5011293,Active,currency 1,-170,0,195,,0,0,286766.28,183357,0,0,Consumer credit,-23,23897.205
100109,5011294,Closed,currency 1,-775,0,-410,-410,47341.125,0,585000,0,0,0,Consumer credit,-405,
100109,5011295,Closed,currency 1,-1368,0,-1184,-1184,0,0,68400,0,0,0,Consumer credit,-1184,
100109,5011296,Closed,currency 1,-2153,0,-1818,-1818,0,0,60246.99,0,0,0,Consumer credit,-1818,
100110,5531774,Active,currency 1,-86,0,218,,0,0,65511,52820.595,0,0,Consumer credit,-20,
100111,6295537,Closed,currency 1,-1114,0,-779,-838,12375,0,122418.9,0,0,0,Consumer credit,-838,
100111,6295538,Active,currency 1,-343,0,,,,0,45000,0,0,0,Credit card,-339,
100111,6295539,Closed,currency 1,-467,0,258,-378,,0,24250.5,0,0,0,Consumer credit,-370,
100111,6295540,Closed,currency 1,-373,0,-69,-69,,0,87295.5,0,,0,Consumer credit,-57,
100111,6295541,Closed,currency 1,-2257,0,-1890,-1889,5890.5,0,73138.5,,,0,Consumer credit,-1886,
100111,6295542,Closed,currency 1,-1741,0,85,-1239,21550.5,0,900000,,,0,Consumer credit,-1239,
100111,6295543,Closed,currency 1,-1726,0,9233,-326,3150,1,45000,,,0,Credit card,-326,
100111,6295544,Closed,currency 1,-1053,0,255,-398,0,0,675000,,,0,Consumer credit,-398,
100111,6295545,Active,currency 1,-356,0,,,0,0,99000,41665.5,57334.5,0,Credit card,-15,
100111,6295546,Closed,currency 1,-336,0,-81,-81,0,0,173363.22,0,0,0,Consumer credit,-78,
100111,6295547,Active,currency 1,-277,0,98,,0,0,178830,62406.81,0,0,Consumer credit,-5,
100111,6295548,Closed,currency 1,-270,0,-150,-150,0,0,82525.095,0,0,0,Consumer credit,-148,
100112,6603200,Active,currency 1,-305,0,793,,,0,18000,0,0,0,Credit card,-53,0
100112,6603201,Active,currency 1,-271,0,31070,,,0,112500,85648.5,,0,Credit card,-56,0
100113,5732198,Closed,currency 1,-1981,0,-1616,-1617,,0,43722,0,0,0,Consumer credit,-1593,3997.485
100113,5732199,Active,currency 1,-753,0,1073,,,0,225000,163192.5,0,0,Consumer credit,-14,0
100113,5732200,Active,currency 1,-800,0,1026,,,0,342000,238176,0,0,Consumer credit,-6,0
100114,6454954,Closed,currency 1,-1075,0,-770,-770,,0,68877,0,0,0,Consumer credit,-624,
100114,6454955,Closed,currency 1,-797,0,-614,-612,,0,22455,0,0,0,Consumer credit,-610,
100114,6454956,Active,currency 1,-1000,0,,,3316.815,0,69750,45634.5,24114.915,0,Credit card,-22,
100114,6454957,Active,currency 1,-648,0,,,0,0,72695.88,0,72695.88,0,Credit card,-85,
100115,5506318,Closed,currency 1,-2899,0,-2687,-2713,3420,0,18513,0,0,0,Consumer credit,-2713,
100116,6403246,Active,currency 1,-385,0,31066,,,0,90000,65527.155,24472.845,0,Credit card,-10,
100116,6403247,Closed,currency 1,-1375,0,-1038,-1058,,0,107430.48,0,,0,Consumer credit,-735,
100116,6403248,Closed,currency 1,-2831,0,-2617,-2707,,0,80955,0,,0,Consumer credit,-735,
100116,6403249,Closed,currency 1,-2654,0,-2288,-2260,,0,279720,0,,0,Consumer credit,-482,
100116,6403250,Closed,currency 1,-2908,0,-2512,-2814,,0,70549.02,0,,0,Consumer credit,-735,
100116,6403251,Active,currency 1,-428,0,-93,,,0,186048,0,,0,Consumer credit,-170,
100116,6403252,Active,currency 1,-928,0,-805,,,0,32443.875,385.785,,0,Consumer credit,-735,
100116,6403253,Active,currency 1,-202,0,165,,,0,407520,213154.38,,0,Consumer credit,-3,
100116,6403255,Active,currency 1,-104,0,994,,,0,135000,0,0,0,Credit card,-12,
100116,6403256,Closed,currency 1,-614,0,-430,-458,,0,72805.5,0,0,0,Consumer credit,-457,
100116,6403257,Closed,currency 1,-1274,0,-1179,-1168,,0,44455.5,0,0,0,Consumer credit,-820,
100116,6403258,Active,currency 1,-1707,0,476,,,0,468000,439812,0,0,Credit card,-8,
100116,6403259,Active,currency 1,-1361,0,463,,,0,1800000,486315,0,0,Consumer credit,0,
100116,6403260,Closed,currency 1,-2396,0,-570,-1350,,0,2372521.5,0,,0,Car loan,-1350,
100116,6403261,Closed,currency 1,-1273,0,-1179,-1179,,0,44455.5,0,,0,Consumer credit,-1173,
100116,6403262,Closed,currency 1,-1082,0,-716,-716,0,0,96489.225,0,0,0,Consumer credit,-711,
100116,6403263,Active,currency 1,-188,0,908,,28152.855,0,1350000,1225219.5,0,0,Consumer credit,-11,
100117,5961299,Closed,currency 1,-1267,0,-992,-1082,,0,25850.655,0,,0,Consumer credit,-917,
100117,5961300,Active,currency 1,-692,0,1152,,,0,256500,86290.83,170209.17,0,Credit card,-21,
100117,5961301,Closed,currency 1,-909,0,-788,-845,,0,18385.92,0,,0,Consumer credit,-839,
100117,5961302,Closed,currency 1,-813,0,-448,-566,,0,29718.72,0,,0,Consumer credit,-564,
100117,5961304,Closed,currency 1,-2046,0,-220,-1109,,0,405000,0,0,0,Consumer credit,-880,0
100117,5961305,Active,currency 1,-1112,0,714,,,0,972000,489739.5,0,0,Consumer credit,-12,24160.5
100117,5961306,Closed,currency 1,-1544,0,-1207,-1152,,0,43942.5,,,0,Consumer credit,-1149,0
100117,5961307,Closed,currency 1,-1194,0,-1093,-1093,0,0,32859,,,0,Consumer credit,-1087,
100119,6522345,Active,currency 1,-79,0,347,,,0,152310.69,144267.48,,0,Consumer credit,-4,
100119,6522346,Closed,currency 1,-2700,0,-2395,-2374,,0,87430.5,,,0,Consumer credit,-2373,
100119,6522347,Closed,currency 1,-1052,0,-686,-686,5712.57,0,67500,0,0,0,Consumer credit,-686,
100119,6522348,Closed,currency 1,-721,0,-570,-570,0,0,57082.455,0,0,0,Consumer credit,-570,
100119,6522349,Closed,currency 1,-507,0,-143,-143,0,0,226130.67,0,0,0,Consumer credit,-143,
100119,6522350,Active,currency 1,-223,0,143,,497.205,0,7200,2561.76,0,0,Consumer credit,-7,
100119,6522351,Active,currency 1,-223,0,325,,3906.945,0,106257.375,72582.165,0,0,Consumer credit,-7,
100119,6522352,Active,currency 1,-79,0,347,,1335.33,0,152316,135324,0,0,Consumer credit,-16,
100120,6410975,Active,currency 1,-610,55,486,,,0,112500,0,0,166.5,Credit card,-72,
100120,6410976,Active,currency 1,-420,0,310,,,0,256410,108837,0,0,Consumer credit,-72,
100121,5158070,Closed,currency 1,-242,0,-60,-60,0,0,70571.115,0,0,0,Consumer credit,-54,
100122,5955360,Active,currency 1,-281,0,27543,,,0,270000,0,0,0,Credit card,-57,
100122,5955361,Active,currency 1,-545,0,1641,,,0,180000,,,0,Credit card,-16,
100122,5955362,Active,currency 1,-281,0,27543,,0,0,180000,0,180000,0,Credit card,-25,
100123,6648997,Closed,currency 1,-2457,0,-2150,-2150,,0,84460.5,0,0,0,Consumer credit,-2145,
100123,6648998,Closed,currency 1,-2121,0,-1817,-1817,,0,120375,0,0,0,Consumer credit,-1466,
100123,6648999,Active,currency 1,-2105,0,-1359,,,0,360000,0,0,0,Consumer credit,-1385,
100123,6649000,Active,currency 1,-62,0,268,,,0,180000,136957.5,0,0,Credit card,-25,
100123,6649001,Closed,currency 1,-2508,0,-2353,-2353,0,0,17095.5,0,0,0,Consumer credit,-2350,
100123,6649002,Active,currency 1,-460,0,1366,,0,0,461842.11,390329.955,0,0,Consumer credit,-15,
100124,5738444,Closed,currency 1,-670,0,-336,-335,,0,360000,0,0,0,Consumer credit,-113,10612.485
100124,5795752,Closed,currency 1,-833,0,-317,-682,,0,382500,0,0,0,Consumer credit,-491,10612.485
100125,6334486,Closed,currency 1,-1545,0,-1180,-1118,,0,134775,0,0,0,Consumer credit,-870,
100125,6334487,Active,currency 1,-311,0,785,,0,0,108724.5,8559,0,0,Consumer credit,-7,
100126,6347957,Closed,currency 1,-257,0,1569,-80,,0,94500,0,0,0,Consumer credit,-17,
100126,6347958,Closed,currency 1,-335,0,486,-80,,0,135000,0,0,0,Consumer credit,-17,
100126,6347959,Closed,currency 1,-1258,0,-1073,-1057,,0,57375,0,0,0,Consumer credit,-709,
100126,6347960,Active,currency 1,-80,0,1746,,,0,697500,685741.5,0,0,Consumer credit,-17,
100126,6347961,Closed,currency 1,-1257,0,-1073,-1087,,0,57375,0,,0,Consumer credit,-1069,
100128,5941034,Closed,currency 1,-1758,0,9206,-1562,,0,67500,0,0,0,Credit card,-1550,
100128,5941035,Closed,currency 1,-604,0,-422,-422,,0,66217.5,0,0,0,Consumer credit,-209,0
100128,5941036,Active,currency 1,-1498,0,9475,,,0,135000,136854,0,0,Credit card,-1428,
100128,5941041,Sold,currency 1,-2641,0,-1987,,,0,1003500,0,,0,Car loan,-1984,0
100128,5941042,Closed,currency 1,-2642,0,-1933,-1933,,0,135000,0,,0,Consumer credit,-1928,0
100128,5941043,Closed,currency 1,-1291,0,-1266,-1200,,0,183631.5,,,0,Consumer credit,-1197,0
100128,5941044,Closed,currency 1,-1017,0,-833,-925,,0,123201,0,,0,Consumer credit,-914,0
100128,5941045,Active,currency 1,-370,0,,,0,0,324000,210753,113244.615,0,Credit card,-14,32400
100128,5941046,Active,currency 1,-156,0,10784,,0,0,45000,,,0,Credit card,-14,2097
100128,5941047,Closed,currency 1,-250,0,1576,-207,0,0,495000,,,0,Consumer credit,-207,
100128,5941048,Closed,currency 1,-407,0,-283,-283,0,0,34697.97,0,0,0,Consumer credit,-277,
100128,5941049,Closed,currency 1,-569,0,1257,-353,0,0,391500,,,0,Consumer credit,-353,
100128,5941050,Closed,currency 1,-592,0,138,-561,0,0,320760,0,0,0,Consumer credit,-559,
100128,5941051,Closed,currency 1,-1099,0,9860,-747,0,0,0,,,0,Credit card,-747,
100128,5941052,Active,currency 1,-915,0,10042,,0,0,67500,,,0,Credit card,-14,3249
100128,5941053,Closed,currency 1,-1085,0,9862,-952,0,0,0,,,0,Credit card,-952,
100128,5941054,Closed,currency 1,-1085,0,9862,-952,0,0,0,,,0,Credit card,-952,
100128,5941055,Closed,currency 1,-1111,0,627,-358,0,0,2250000,,,0,Consumer credit,-358,
100128,5941056,Closed,currency 1,-1322,0,9636,-1150,0,0,0,,,0,Credit card,-1150,
100128,5941057,Closed,currency 1,-1157,0,9794,-1117,0,0,0,,,0,Credit card,-1117,
100128,5941058,Closed,currency 1,-1345,0,9615,-1117,0,0,23715,,,0,Credit card,-1117,
100128,5941059,Closed,currency 1,-1389,0,438,-1121,8361,0,337500,,,0,Consumer credit,-1121,
100128,5941060,Closed,currency 1,-1484,0,9475,-1117,0,0,0,,,0,Credit card,-1117,
100128,5941061,Closed,currency 1,-1535,0,-255,-953,0,0,886500,,,0,Consumer credit,-953,
100128,5941062,Closed,currency 1,-1567,0,259,-1563,0,0,225000,,,0,Consumer credit,-1563,
100128,5941063,Closed,currency 1,-1623,0,203,-1113,0,0,675000,,,0,Consumer credit,-1113,
100128,5941064,Closed,currency 1,-1752,0,9206,-1562,0,0,90000,,,0,Credit card,-1562,
100128,5941065,Closed,currency 1,-2634,0,-2269,-2241,3627,0,31500,0,0,0,Consumer credit,-2241,
100129,6829119,Active,currency 1,-914,0,6391,,,0,10327500,10048887,0,0,Mortgage,-28,
100130,5466232,Active,currency 1,-96,0,,,0,0,225000,156483,68517,0,Credit card,-14,
100131,6372721,Active,currency 1,-506,0,961,,,0,405000,411030,0,0,Credit card,-94,81000
100131,6372722,Active,currency 1,-875,0,,,0,0,274500,267232.5,0,0,Credit card,-14,81000
100132,5744261,Active,currency 1,-356,0,9,,,0,675000,95697,0,0,Consumer credit,-44,
100134,5729560,Active,currency 1,-636,0,50,,,0,0,2970.99,,0,Credit card,-14,
100134,5729561,Closed,currency 1,-1596,0,-1313,-1313,0,0,67567.5,,,0,Consumer credit,-1307,
100134,5729562,Closed,currency 1,-686,0,-137,-137,0,0,88840.71,0,0,0,Consumer credit,-134,
100134,5729563,Active,currency 1,-271,0,1555,,0,0,864000,,,0,Consumer credit,-25,
100135,6693254,Active,currency 1,-238,0,493,,,0,125509.5,90765,,0,Consumer credit,-19,9000
100135,6693255,Active,currency 1,-218,0,493,,,0,125509.5,90819,,0,Consumer credit,-25,5814
100136,6474268,Active,currency 1,-8,0,1818,,,0,2313877.5,2313877.5,,0,Car loan,-8,
100138,5580351,Active,currency 1,-964,0,-203,,0,0,310954.5,14310,0,0,Consumer credit,-688,
100138,5580352,Active,currency 1,-566,0,1272,,0,0,0,0,0,0,Credit card,-564,
100138,5580353,Closed,currency 1,-314,0,-132,-132,,0,60003,0,,0,Consumer credit,-129,
100138,6173245,Active,currency 1,-964,0,818,,0,0,0,-44390.565,44390.565,0,Credit card,-690,
100138,6173246,Active,currency 1,-964,0,818,,0,0,301500,0,301500,0,Credit card,-690,
100138,6173247,Active,currency 1,-720,0,1030,,0,0,0,0,0,0,Credit card,-691,
100138,6173248,Active,currency 1,-719,0,-234,,11565,0,154620,53964.09,0,0,Consumer credit,-245,
100138,6173250,Active,currency 1,-1408,0,-340,,,0,270000,0,0,0,Credit card,-38,
100138,6173251,Closed,currency 1,-708,0,387,-198,,0,1575000,0,0,0,Consumer credit,-92,
100138,6173252,Active,currency 1,-1408,0,-340,,,0,270000,0,0,0,Credit card,-152,
100138,6173253,Active,currency 1,-203,0,1623,,,0,994500,942381,0,0,Consumer credit,-22,
100138,6173254,Closed,currency 1,-2390,0,-2298,-2360,,0,159309,0,,0,Consumer credit,-2360,
100138,6173255,Active,currency 1,-253,0,31102,,,0,409500,0,,0,Credit card,-17,25528.5
100139,6670785,Closed,currency 1,-215,0,-29,-29,0,0,41755.5,0,0,0,Consumer credit,-29,14134.5
100139,6670786,Active,currency 1,-1252,0,,,1336.5,0,337500,334089,0,0,Credit card,-11,
100142,5690653,Closed,currency 1,-2454,0,-2270,-2265,,0,49747.5,0,,0,Consumer credit,-525,40680
100142,5690654,Active,currency 1,-826,0,269,,,0,1125000,799650,0,0,Consumer credit,-431,
100142,6621180,Closed,currency 1,-1952,0,-1721,-1705,,0,37476,0,0,0,Consumer credit,-896,
100142,6621181,Closed,currency 1,-1457,0,-360,-823,,0,720000,0,0,0,Consumer credit,-815,
100142,6621182,Closed,currency 1,-1769,0,-854,-1403,,0,273150,0,0,0,Consumer credit,-1401,
100142,6621183,Closed,currency 1,-2454,0,-2270,-2265,8478,0,49747.5,,,0,Consumer credit,-2261,4500
100142,6621184,Active,currency 1,-1831,0,,,3202.2,0,139500,131904,7592.085,0,Credit card,-12,
100142,6621185,Closed,currency 1,-1456,0,-360,-823,0,0,720000,0,0,0,Consumer credit,-470,
100142,6621186,Active,currency 1,-877,0,220,,0,1,45000,0,45000,0,Credit card,-3,26415
100142,6621187,Active,currency 1,-826,0,10132,,0,0,90000,0,90000,0,Credit card,-11,
100142,6621188,Closed,currency 1,-823,0,269,-312,26139.465,0,1125000,0,0,0,Consumer credit,-304,0
100142,6621189,Active,currency 1,-316,0,1510,,88681.5,0,3456000,,,0,Consumer credit,-4,
100143,6427978,Closed,currency 1,-2309,0,-1214,-1832,,0,238500,0,0,0,Consumer credit,-244,
100143,6427979,Closed,currency 1,-1038,0,-771,-742,,0,71347.5,0,0,0,Consumer credit,-676,
100143,6427980,Closed,currency 1,-1440,0,-981,-955,,0,137997,0,0,0,Consumer credit,-699,
100143,6427981,Closed,currency 1,-1330,0,-1250,-1250,,0,13500,0,0,0,Credit card,-707,
100143,6427982,Closed,currency 1,-2213,0,-974,-72,,0,225000,0,0,0,Credit card,-69,
100143,6427983,Active,currency 1,-797,0,-67,,,0,225000,21870,0,0,Consumer credit,-112,
100143,6427984,Active,currency 1,-609,0,750,,,0,180000,92979,0,0,Credit card,-112,
100143,6427986,Closed,currency 1,-2630,0,-2264,-2384,5238,0,67500,0,0,0,Consumer credit,-974,
100143,6427987,Closed,currency 1,-1439,0,-981,-981,0,0,137998.305,0,0,0,Consumer credit,-981,
100143,6427988,Closed,currency 1,-1037,0,-771,-771,0,0,71348.85,0,0,0,Consumer credit,-771,
100143,6427989,Closed,currency 1,-932,0,-453,-453,0,0,122391,0,0,0,Consumer credit,-450,
100143,6427990,Active,currency 1,-288,0,77,,0,0,135000,46858.5,0,0,Consumer credit,-37,
100145,6486247,Active,currency 1,-768,0,556,,,0,45000,0,0,0,Credit card,-36,
100145,6486248,Closed,currency 1,-2792,0,-2062,-885,,0,180000,0,0,0,Consumer credit,-883,
100145,6486249,Active,currency 1,-777,0,3848,,,0,3150000,2915271,0,0,Mortgage,-12,17059.23
100145,6486250,Active,currency 1,-651,0,445,,,0,225000,,,0,Consumer credit,-38,
100145,6486251,Closed,currency 1,-861,0,-741,-741,0,0,26995.5,0,0,0,Consumer credit,-740,0
100145,6486252,Closed,currency 1,-2857,0,-2552,-2552,0,0,72049.5,0,0,0,Consumer credit,-2547,
100145,6630287,Closed,currency 1,-1722,0,-1357,-1339,,0,131139,0,,0,Consumer credit,-1339,
100146,5642131,Active,currency 1,-512,0,767,,,0,247500,176445,0,0,Consumer credit,-16,
100146,5642132,Active,currency 1,-639,0,761,,,0,319500,214668,0,0,Consumer credit,-16,
100146,5642133,Active,currency 1,-817,0,766,,,0,675000,417141,0,0,Consumer credit,-16,
100146,5820959,Active,currency 1,-414,0,743,,,0,121500,92731.5,0,0,Consumer credit,-15,
100146,5820960,Active,currency 1,-247,0,1579,,,0,315000,294057,0,0,Consumer credit,-15,
100147,5070984,Closed,currency 1,-2047,0,-1868,-1868,,0,14661,0,0,0,Consumer credit,-1867,
100148,5024747,Closed,currency 1,-1006,0,729,-211,,0,0,0,,0,Credit card,-27,
100148,5024748,Active,currency 1,-1005,0,849,,,0,832500,660708,171792,0,Credit card,-23,
100148,5024749,Active,currency 1,-518,0,1336,,,0,342000,325410.435,16589.565,0,Credit card,-23,
100148,5024751,Closed,currency 1,-516,0,975,-150,,0,489139.2,0,,0,Consumer credit,-147,
100148,5024752,Closed,currency 1,-1802,0,-1590,-1619,,0,27503.82,0,,0,Consumer credit,-791,
100148,5024753,Closed,currency 1,-1006,0,120,-487,,0,265697.28,0,,0,Consumer credit,-483,
100148,5024754,Closed,currency 1,-859,0,-843,-843,,0,29209.5,0,,0,Consumer credit,-827,
100148,5024755,Closed,currency 1,-2748,0,-2289,-2289,,0,54000,0,,0,Credit card,-827,
100148,5024756,Closed,currency 1,-2810,0,-2505,-2505,,0,27067.5,0,,0,Consumer credit,-827,
100148,5024758,Closed,currency 1,-2811,0,-2505,-2505,0,0,27069.165,0,0,0,Consumer credit,-750,
100148,5024759,Closed,currency 1,-1639,0,-908,-908,0,0,144204.03,0,0,0,Consumer credit,-750,
100148,5024760,Closed,currency 1,-751,0,-599,-599,0,0,85162.275,0,0,0,Consumer credit,-596,
100148,5024761,Active,currency 1,-684,0,,,0,0,135000,133771.5,1226.88,0,Credit card,-11,13500
100148,5024762,Closed,currency 1,-322,0,409,-166,0,0,240750,0,0,0,Consumer credit,-162,
100148,5025249,Active,currency 1,-1870,0,1244,,,0,0,0,0,0,Credit card,-11,
100148,5025250,Closed,currency 1,-1998,0,-1664,-1812,,0,64287,0,,0,Consumer credit,-791,
100149,5529419,Active,currency 1,-197,0,-13,,,0,58477.5,,,0,Consumer credit,-19,11610
100149,5529420,Active,currency 1,-201,0,162,,0,0,117557.91,72756,0,0,Consumer credit,-44,11097
100150,6015382,Closed,currency 1,-1869,0,-1504,-1504,0,0,90000,0,0,0,Consumer credit,-142,
100150,6015383,Closed,currency 1,-1869,0,-1504,-1825,0,0,90000,0,0,0,Consumer credit,-931,
100150,6015384,Closed,currency 1,-2415,0,-2050,-2038,0,0,157500,,,0,Consumer credit,-931,
100150,6015385,Closed,currency 1,-2694,0,-2327,-2415,7627.5,0,90000,,,0,Consumer credit,-931,
100151,5557954,Closed,currency 1,-2289,0,-1924,-1924,0,0,70416,0,0,0,Consumer credit,-1924,
100152,5673957,Closed,currency 1,-2839,0,-2261,-2320,0,0,69800.49,0,0,0,Consumer credit,-2097,
100152,5673958,Closed,currency 1,-2186,0,-1791,-2125,0,0,137154.195,0,0,0,Consumer credit,-2125,
100152,5673959,Closed,currency 1,-1938,0,-1755,-1755,,0,146250,0,0,0,Consumer credit,-1518,
100152,5673961,Active,currency 1,-182,0,,,,0,90000,,,0,Credit card,-25,
100152,5673962,Active,currency 1,-182,0,549,,,0,302989.5,,,0,Consumer credit,-25,
100152,5673963,Active,currency 1,-187,0,544,,,0,148500,126153,,0,Consumer credit,-2,
100153,5039416,Active,currency 1,-2253,0,-131,,26799.615,0,225000,60537.06,344462.94,0,Credit card,-591,
100153,5039417,Active,currency 1,-561,0,1271,,0,0,225000,0,0,0,Credit card,-437,
100153,5039418,Active,currency 1,-129,0,2428,,,0,2688034.5,,,0,Consumer credit,-7,
100154,6741271,Closed,currency 1,-1227,0,-496,-449,,0,157500,0,0,0,Consumer credit,-246,
100154,6741272,Closed,currency 1,-1546,0,-1182,-1004,,0,41535,,,0,Consumer credit,-1001,
100155,6511187,Active,currency 1,-372,0,934,,,0,225000,204930,0,0,Credit card,-21,
100155,6511188,Closed,currency 1,-708,0,-435,-434,7470.9,0,60831,0,0,0,Consumer credit,-429,
100155,6511189,Active,currency 1,-193,0,-8,,0,0,58171.5,10323,0,0,Consumer credit,-39,
100156,6086976,Closed,currency 1,-1919,0,-1737,-1739,,0,21235.5,0,0,0,Consumer credit,-1702,2178
100156,6086977,Active,currency 1,-985,0,111,,,0,45000,0,0,0,Credit card,-8,0
100156,6086978,Closed,currency 1,-1463,0,-1279,-1279,,0,16258.5,,,0,Consumer credit,-1279,
100156,6086979,Active,currency 1,-330,0,39,,,0,50445,0,,0,Consumer credit,-2,0
100156,6086980,Closed,currency 1,-985,0,-650,-650,0,0,38193.255,0,0,0,Consumer credit,-650,0
100156,6086981,Closed,currency 1,-1175,0,-840,-840,2676.915,0,39274.245,0,0,0,Consumer credit,-837,
100156,6086982,Closed,currency 1,-2757,0,-2037,-2257,0,0,119340,,,0,Consumer credit,-2257,954
100157,6248325,Closed,currency 1,-2595,0,-2382,-2442,,0,21792.06,0,,0,Consumer credit,-857,4500
100157,6248326,Closed,currency 1,-1278,0,-910,-911,,0,59170.5,0,0,0,Consumer credit,-911,
100157,6248327,Closed,currency 1,-1415,0,-1169,-1278,,0,40860,0,0,0,Consumer credit,-1278,4500
100157,6248328,Active,currency 1,-159,0,1667,,0,0,450000,432603,0,0,Consumer credit,-7,
100157,6248329,Closed,currency 1,-1334,0,493,-153,0,0,408352.5,0,0,0,Consumer credit,-153,4500
100158,5813859,Closed,currency 1,-1489,0,-766,-756,,0,225000,,,0,Consumer credit,-756,
100159,5025723,Closed,currency 1,-2825,0,-999,-1610,,0,675000,0,0,0,Consumer credit,-1244,
100159,5025724,Active,currency 1,-542,0,1284,,,0,1125000,830160,0,0,Consumer credit,-29,
100160,6481241,Active,currency 1,-105,0,1564,,,0,373500,371403,,0,Credit card,-25,22320
100161,6315872,Active,currency 1,-508,0,1175,,0,0,0,0,0,0,Credit card,-507,12911.85
100161,6315874,Closed,currency 1,-1031,0,-300,-298,,0,140656.5,0,0,0,Consumer credit,-298,12911.85
100161,6315875,Closed,currency 1,-2897,0,-1071,-1074,,0,315000,0,0,0,Consumer credit,-692,12911.85
100161,6315876,Active,currency 1,-2168,0,756,,,0,432000,437769,0,0,Credit card,-12,12911.85
100161,6315877,Closed,currency 1,-2509,0,-2189,-2175,,0,22932,,,0,Consumer credit,-2175,12911.85
100161,6315878,Closed,currency 1,-1515,0,-1211,-1035,,0,62316,0,,0,Consumer credit,-1035,12911.85
100161,6315879,Closed,currency 1,-1924,0,-1621,-973,,0,39595.5,,,0,Consumer credit,-970,12911.85
100161,6315880,Active,currency 1,-842,0,-538,,0,0,129118.5,0,0,0,Consumer credit,-90,12911.85
100162,6131357,Closed,currency 1,-2872,0,-2660,-2651,16320.51,0,39544.83,0,0,0,Consumer credit,-2628,14882.85
100162,6131358,Closed,currency 1,-1266,0,-1082,-1078,,0,19615.5,0,0,0,Consumer credit,-761,14882.85
100162,6131359,Active,currency 1,-468,0,1358,,,0,981000,850653,0,0,Consumer credit,-47,14882.85
100162,6131360,Closed,currency 1,-2645,0,-2295,-2295,,0,58684.5,,,0,Credit card,-2295,14882.85
100162,6131361,Sold,currency 1,-1998,0,-1272,,,0,82768.5,,,0,Credit card,-1998,14882.85
100162,6131362,Active,currency 1,-1998,1272,-546,,,0,82768.5,,,13.5,Consumer credit,-1272,14882.85
100162,6131363,Closed,currency 1,-706,0,,-430,,0,112500,,,0,Credit card,-430,14882.85
100162,6131364,Active,currency 1,-706,0,1120,,,0,904266,,,0,Consumer credit,-107,14882.85
100162,6131365,Closed,currency 1,-1265,0,-1082,-1082,0,0,19618.56,0,0,0,Consumer credit,-1082,14882.85
100162,6131366,Closed,currency 1,-1057,0,-780,-780,3274.695,0,90000,0,0,0,Credit card,-780,14882.85
100162,6131367,Active,currency 1,-313,0,1513,,1158.66,0,710526.33,635698.845,0,0,Consumer credit,-15,14882.85
100163,6082078,Active,currency 1,-1361,0,-270,,,0,58500,59670,0,0,Credit card,-30,0
100163,6082079,Closed,currency 1,-2523,0,-2205,-1138,,0,91935,,,0,Consumer credit,-1135,0
100163,6082080,Closed,currency 1,-249,0,-65,-95,0,0,18895.5,0,0,0,Consumer credit,-95,31747.5
100163,6082081,Closed,currency 1,-967,0,-630,-630,23620.05,0,804901.5,0,0,0,Consumer credit,-630,
100163,6124822,Closed,currency 1,-2480,0,-656,-657,,0,675000,0,0,0,Consumer credit,-41,31747.5
100163,6124823,Closed,currency 1,-900,0,-688,-610,,0,57150,0,0,0,Consumer credit,-599,31747.5
100163,6124824,Closed,currency 1,-1031,0,-301,-301,,0,315000,0,0,0,Consumer credit,-289,
100163,6124825,Active,currency 1,-2744,0,907,,,0,900000,239868,0,0,Mortgage,-41,0
100163,6124826,Active,currency 1,-343,0,1483,,,0,1098000,1001169,0,0,Consumer credit,-14,
100163,6124827,Closed,currency 1,-2039,0,-1289,-1138,,0,360000,,,0,Consumer credit,-1135,
100163,6124828,Closed,currency 1,-2352,0,-2172,-1138,,0,90000,,,0,Consumer credit,-1135,
100163,6124829,Closed,currency 1,-1586,0,-1221,-1523,,0,301860,,,0,Consumer credit,-1131,31747.5
100163,6124830,Closed,currency 1,-1275,0,-1094,-1094,,0,225000,,,0,Consumer credit,-1094,9112.5
100163,6124831,Active,currency 1,-845,0,30960,,,0,112500,110817,,0,Credit card,-10,0
100163,6124832,Active,currency 1,-80,0,285,,0,0,135000,112500,0,0,Consumer credit,-16,
100163,6124833,Closed,currency 1,-154,0,213,-93,0,0,55102.5,0,0,0,Consumer credit,-92,
100163,6124834,Closed,currency 1,-967,0,-626,-626,16861.5,0,450000,,,0,Consumer credit,-626,0
100163,6124835,Closed,currency 1,-2885,0,-2473,-2473,8793,0,225000,,,0,Consumer credit,-2473,0
100163,6124836,Closed,currency 1,-2429,0,-2429,-2429,0,0,270000,,,0,Consumer credit,-2429,
100163,6124837,Closed,currency 1,-2429,0,-1376,-1376,9891,0,270000,,,0,Consumer credit,-1376,0
100163,6124838,Active,currency 1,-900,0,,,0,0,0,0,0,0,Credit card,-18,
100164,5147484,Closed,currency 1,-2585,0,-2370,-2399,11610,0,63447.75,0,0,0,Consumer credit,-2180,
100164,5147485,Closed,currency 1,-2398,0,-2185,-2214,6120,0,35458.38,0,0,0,Consumer credit,-2214,
100164,5147486,Closed,currency 1,-2166,0,-1832,-1861,3064.5,0,86758.2,0,0,0,Consumer credit,-1861,
100164,5147487,Closed,currency 1,-1447,0,-1235,-1258,13050,0,80639.1,0,0,0,Consumer credit,-1232,
100164,5147488,Active,currency 1,-1447,0,-865,,0,0,4500,0,0,0,Credit card,-595,
100165,5215386,Closed,currency 1,-1225,0,-980,-1011,0,0,64104.48,0,0,0,Consumer credit,-1011,
100165,5215387,Closed,currency 1,-2325,0,-2120,-2106,,0,53964,,,0,Consumer credit,-2106,
100166,5216211,Closed,currency 1,-2058,0,-1723,-1477,,0,75375,0,0,0,Consumer credit,-1470,
100166,5216212,Closed,currency 1,-1361,0,-1180,-1180,,0,21645,0,,0,Consumer credit,-1180,
100166,5216213,Closed,currency 1,-1318,0,-1165,-1165,,0,13032,0,,0,Consumer credit,-1165,
100166,5216214,Closed,currency 1,-1178,0,-900,-769,,0,19620,0,,0,Consumer credit,-767,
100166,5216215,Closed,currency 1,-985,0,-711,-677,,0,28476,0,,0,Consumer credit,-677,
100166,5216216,Closed,currency 1,-1474,0,-1351,-1351,0,0,12348,0,0,0,Consumer credit,-1350,
100166,5216217,Closed,currency 1,-838,0,-716,-716,9147.645,0,35910,0,0,0,Consumer credit,-714,
100166,5216218,Closed,currency 1,-820,0,-473,-473,5021.37,0,100896.84,0,0,0,Consumer credit,-473,
100166,5216219,Closed,currency 1,-675,0,-493,-483,0,0,22500,0,0,0,Consumer credit,-479,
100166,5216220,Closed,currency 1,-638,0,-396,-389,4505.22,0,33610.5,0,0,0,Consumer credit,-389,
100166,5216221,Closed,currency 1,-462,0,-106,-106,0,0,126121.095,0,0,0,Consumer credit,-106,
100166,5216222,Closed,currency 1,-386,0,-263,-263,0,0,21438,0,0,0,Consumer credit,-261,
100166,5216223,Active,currency 1,-306,0,59,,0,0,82539,24282,0,0,Consumer credit,-29,
100166,5216224,Active,currency 1,-106,0,626,,0,0,184181.4,165970.53,0,0,Consumer credit,-15,
100166,5216225,Active,currency 1,-106,0,990,,0,0,90000,82132.425,7867.575,0,Credit card,-32,
100167,5971074,Closed,currency 1,-234,0,131,-81,,0,310644,0,0,0,Consumer credit,-79,
100167,5971075,Closed,currency 1,-490,0,-233,-233,,0,305640,0,0,0,Consumer credit,-229,0
100167,5971076,Closed,currency 1,-283,0,-77,-77,7084.035,0,198000,0,0,0,Consumer credit,-75,25186.5
100167,5971077,Active,currency 1,-447,0,,,0,0,333000,328554,4442.94,0,Credit card,-19,8998.245
100167,5971078,Active,currency 1,-933,0,,,0,0,202500,201753,744.165,0,Credit card,-12,
100167,5971079,Closed,currency 1,-1008,0,-738,-738,0,0,40607.28,0,0,0,Consumer credit,-733,
100168,6125352,Closed,currency 1,-1407,0,-676,-781,,0,360000,0,,0,Consumer credit,-779,0
100169,6399460,Active,currency 1,-187,0,118,,7.695,0,176382,97011,0,0,Consumer credit,-36,16033.5
100170,5915572,Closed,currency 1,-1503,0,-771,-770,,0,96781.5,0,0,0,Consumer credit,-764,0
100170,5915573,Closed,currency 1,-1596,0,-865,-862,,0,112500,0,0,0,Consumer credit,-847,0
100170,5915574,Active,currency 1,-2800,0,30879,,,0,111600,111960,0,0,Credit card,-23,9180
100170,5915575,Active,currency 1,-1205,0,30879,,,0,180000,176440.5,0,0,Credit card,-18,9175.5
100170,5915577,Sold,currency 1,-147,0,,,,0,13500,13770,,0,Microloan,-105,16200
100170,5915578,Active,currency 1,-105,0,,,,0,13500,13500,,0,Microloan,-11,
100170,5915579,Closed,currency 1,-861,0,-558,-300,0,0,50661.945,0,0,0,Consumer credit,-300,
100170,5915580,Active,currency 1,-571,0,,,0,0,35955,0,35955,0,Credit card,-44,3595.5
100170,5915581,Closed,currency 1,-1448,0,9512,-298,0,0,0,,,0,Credit card,-298,
100171,5901901,Closed,currency 1,-1975,0,-1610,-1824,,0,135000,0,0,0,Consumer credit,-1821,11250
100171,5901902,Closed,currency 1,-2221,0,-1856,-1946,,0,135000,0,0,0,Consumer credit,-1940,11250
100171,5901903,Closed,currency 1,-2858,0,-1763,-1799,,0,270000,0,0,0,Consumer credit,-1794,7515
100171,5901904,Active,currency 1,-485,0,864,,,0,324000,0,0,0,Credit card,-177,
100171,5901905,Active,currency 1,-1192,0,4289,,,0,3384000,1509426,0,0,Mortgage,-20,20520
100171,5901906,Closed,currency 1,-496,0,-222,-222,0,0,49711.5,0,0,0,Consumer credit,-222,
100171,5901907,Active,currency 1,-1080,0,1476,,12459.915,0,1489603.5,1139213.07,0,0,Consumer credit,-16,34110
100171,5901908,Closed,currency 1,-1818,0,-722,-1208,9845.955,0,450000,0,0,0,Consumer credit,-1208,
100172,6708662,Closed,currency 1,-427,0,-113,-113,,0,33457.5,0,0,0,Consumer credit,-110,0
100172,6708663,Closed,currency 1,-659,0,585,-245,,0,0,0,0,0,Credit card,-212,
100172,6708664,Active,currency 1,-659,0,437,,,0,284580,58041,0,0,Consumer credit,-18,4477.5
100173,5828440,Closed,currency 1,-1255,0,-159,-410,,0,190692,0,0,0,Consumer credit,-375,
100173,5828441,Active,currency 1,-1255,0,-159,,,0,190692,75910.5,0,0,Consumer credit,-493,
100173,5828442,Active,currency 1,-1255,0,-159,,,0,190692,81751.5,0,0,Consumer credit,-512,
100173,5828443,Active,currency 1,-813,0,282,,,0,284580,85864.5,0,0,Consumer credit,-41,
100173,5828444,Active,currency 1,-430,0,1396,,,0,265500,233154,0,0,Consumer credit,-41,
100173,5828445,Active,currency 1,-618,0,485,,,0,288000,299088,0,0,Credit card,-10,
100173,5828446,Closed,currency 1,-735,0,-613,-613,0,0,18810,0,0,0,Consumer credit,-608,
100173,5828447,Active,currency 1,-520,0,,,0,0,315000,313933.5,1062.225,0,Credit card,-27,
100174,6494752,Closed,currency 1,-2033,0,-1821,-1839,5535,0,28695.15,0,0,0,Consumer credit,-1820,
100174,6494753,Active,currency 1,-282,0,814,,0,0,270000,206100,63900,0,Credit card,-197,
100174,6494755,Closed,currency 1,-2921,0,-2618,-2584,,0,99220.5,0,0,0,Consumer credit,-2577,
100174,6494756,Closed,currency 1,-546,0,-361,-353,,0,479700,0,0,0,Consumer credit,-348,
100174,6494757,Closed,currency 1,-828,0,-288,-110,,0,445500,0,0,0,Credit card,-107,
100174,6494758,Closed,currency 1,-1321,0,-1232,-983,,0,32355,0,0,0,Consumer credit,-983,
100174,6494759,Active,currency 1,-2633,0,31149,,,0,199980,0,,0,Credit card,-1233,
100174,6494760,Closed,currency 1,-2633,0,-1902,-1220,0,0,169155,0,0,0,Credit card,-962,
100174,6494761,Closed,currency 1,-2633,0,-2461,-2457,0,0,35352,,,0,Consumer credit,-2454,
100175,6498653,Closed,currency 1,-834,0,-382,-382,,0,119457,0,0,0,Consumer credit,-362,16960.5
100175,6498654,Closed,currency 1,-1453,0,-1359,-1332,,0,18562.5,0,0,0,Consumer credit,-923,0
100175,6498655,Closed,currency 1,-1398,0,-1215,-1214,,0,101250,0,0,0,Credit card,-923,54
100175,6498656,Closed,currency 1,-1951,0,-855,-950,,0,238500,0,0,0,Consumer credit,-686,0
100175,6498657,Closed,currency 1,-1688,0,-1509,-1496,,0,101700,0,0,0,Consumer credit,-1489,54
100175,6498658,Active,currency 1,-280,0,952,,,0,225000,185476.5,0,0,Credit card,-37,0
100175,6498659,Active,currency 1,-1026,0,800,,,0,675000,375934.5,0,0,Consumer credit,-22,0
100175,6498660,Closed,currency 1,-1743,0,-1618,-1618,,0,48924,,,0,Consumer credit,-1610,0
100175,6498661,Closed,currency 1,-1452,0,-1359,-1359,,0,18562.5,0,,0,Consumer credit,-1353,54
100175,6498662,Closed,currency 1,-1691,0,-1509,-1135,,0,101700,,,0,Consumer credit,-1132,0
100175,6498663,Closed,currency 1,-449,0,-113,-113,0,0,24088.5,0,0,0,Consumer credit,-107,16960.5
100176,5174653,Closed,currency 1,-2423,0,-2331,-2317,,0,200655,,,0,Consumer credit,-2317,0
100177,5600556,Closed,currency 1,-648,0,-378,-378,,0,175824,0,0,0,Consumer credit,-373,
100178,6044396,Closed,currency 1,-2318,0,-2135,-2135,0,0,48915,0,0,0,Consumer credit,-2135,
100178,6044397,Closed,currency 1,-816,0,-663,-755,0,0,17775,0,0,0,Consumer credit,-755,
100178,6044398,Active,currency 1,-671,0,,,0,0,612000,469242,123111.81,0,Credit card,-7,
100178,6044399,Closed,currency 1,-299,0,66,-26,0,0,180000,0,0,0,Consumer credit,-25,
100179,6731344,Closed,currency 1,-1704,0,-1338,-1332,,0,311782.5,0,0,0,Consumer credit,-892,
100179,6731345,Closed,currency 1,-946,0,-216,-214,45862.83,0,1039500,0,0,0,Consumer credit,-212,0
100180,6204255,Closed,currency 1,-2841,0,-2629,-2656,0,0,23076.36,0,0,0,Consumer credit,-2656,47250
100180,6204256,Active,currency 1,-2743,0,-1624,,0,0,225000,0,0,0,Credit card,-673,47250
100180,6204257,Closed,currency 1,-2630,0,-2293,-2262,,0,95904,0,0,0,Consumer credit,-835,47250
100180,6204258,Active,currency 1,-539,0,568,,,0,472500,0,0,0,Credit card,-13,47250
100180,6204259,Active,currency 1,-1540,0,283,,,0,1350000,343840.5,0,0,Consumer credit,-3,47250
100180,6204260,Active,currency 1,-611,0,12867,,,0,945000,927243,0,0,Credit card,-3,47250
100180,6204261,Closed,currency 1,-2629,0,-2293,-2293,,0,95904,0,,0,Consumer credit,-1769,47250
100180,6204262,Closed,currency 1,-2513,0,-2158,-2158,,0,180000,0,,0,Credit card,-775,47250
100180,6204263,Active,currency 1,-135,0,,,,0,90000,,,0,Credit card,-6,47250
100180,6204264,Active,currency 1,-135,0,596,,,0,167656.5,,,0,Consumer credit,-6,47250
100180,6204265,Active,currency 1,-548,0,1257,,0,0,1530000,1179153,0,0,Consumer credit,-9,47250
100181,5066506,Active,currency 1,-137,0,176,,,0,112500,0,0,0,Credit card,-61,13180.5
100181,5066507,Closed,currency 1,-1434,0,-1068,-1068,,0,40950,0,0,0,Consumer credit,-1068,
100181,5066508,Closed,currency 1,-1649,0,-1469,-1149,,0,59535,,,0,Consumer credit,-1146,13180.5
100181,5066509,Closed,currency 1,-1219,0,-978,-918,,0,233163,,,0,Consumer credit,-915,0
100181,5066510,Closed,currency 1,-1468,0,-739,-714,,0,45000,,,0,Consumer credit,-707,13180.5
100181,5066511,Active,currency 1,-138,0,1688,,,0,1125000,,,0,Consumer credit,-8,0
100181,5066512,Closed,currency 1,-434,0,-314,-314,0,0,22455,0,0,0,Consumer credit,-312,
100181,5066513,Closed,currency 1,-1006,0,9953,-862,0,0,0,,,0,Credit card,-862,13180.5
100181,5066514,Closed,currency 1,-1012,0,814,-134,13851,0,450000,,,0,Consumer credit,-134,
100181,5066515,Closed,currency 1,-1916,0,-1547,-1547,9377.955,0,114786,0,0,0,Consumer credit,-1547,13180.5
100182,6823778,Active,currency 1,-897,0,31157,,,0,0,0,0,0,Credit card,-13,
100182,6823779,Closed,currency 1,-897,0,-805,-805,,0,9108,0,0,0,Consumer credit,-772,
100182,6823780,Active,currency 1,-1207,0,12896,,,0,225000,225247.5,0,0,Credit card,-2,
100182,6823781,Closed,currency 1,-304,0,61,-195,,0,135000,0,,0,Consumer credit,-195,
100182,6823782,Active,currency 1,-119,0,246,,,0,49500,42129,,0,Consumer credit,-42,
100182,6823783,Active,currency 1,-1235,0,12896,,,0,225000,225247.5,,0,Credit card,-8,
100182,6823784,Active,currency 1,-671,0,,,0,0,78750,78642,104.445,0,Credit card,-32,
100183,5593923,Active,currency 1,-1477,0,-1143,-1477,0,0,61027.11,0,0,0,Consumer credit,-1249,
100183,5593924,Closed,currency 1,-2862,0,-1766,-2331,,0,90000,0,0,0,Consumer credit,-485,
100183,5593925,Closed,currency 1,-2331,0,-505,-1932,,0,112500,0,0,0,Consumer credit,-485,
100183,5593926,Closed,currency 1,-993,0,-633,-633,,0,157500,0,0,0,Consumer credit,-624,
100183,5593927,Active,currency 1,-626,0,462,,,0,450000,199998,0,0,Consumer credit,-9,
100183,5593928,Closed,currency 1,-1477,0,-1204,-1324,0,0,51705,0,0,0,Consumer credit,-1324,
100183,5593929,Closed,currency 1,-751,0,-629,-629,0,0,22275,0,0,0,Consumer credit,-622,
100184,5229198,Closed,currency 1,-849,0,-484,-484,,0,135000,0,0,0,Consumer credit,-458,0
100184,5229199,Closed,currency 1,-882,0,-517,-513,,0,67500,0,0,0,Consumer credit,-458,0
100184,5229200,Active,currency 1,-521,0,586,,,0,18000,20893.5,0,0,Credit card,-7,2700
100184,5229201,Active,currency 1,-953,0,220,,,0,157500,149706,0,0,Credit card,-242,
100184,5229202,Closed,currency 1,-639,0,-632,-638,,0,22500,0,,0,Consumer credit,-638,0
100184,5229203,Closed,currency 1,-797,0,-432,-462,,0,112500,,,0,Consumer credit,-462,0
100184,5229204,Closed,currency 1,-612,0,,-310,,0,90000,,,0,Credit card,-306,0
100184,5229205,Closed,currency 1,-310,0,421,-111,,0,263610,0,,0,Consumer credit,-96,0
100184,5229206,Active,currency 1,-27,0,1,,,0,15750,17010,,0,Microloan,-20,17010
100184,5229207,Active,currency 1,-113,0,983,,,0,449914.5,433804.5,,0,Consumer credit,-19,24259.5
100184,5229208,Active,currency 1,-113,0,,,,0,90000,90126,,0,Credit card,-12,5994
100185,5504764,Closed,currency 1,-2221,0,-2009,-2035,11880,0,65041.2,0,0,0,Consumer credit,-2035,
100185,5504765,Closed,currency 1,-989,0,-619,-619,0,0,119611.08,0,0,0,Consumer credit,-615,
100186,6250979,Active,currency 1,-567,0,1259,,,0,675000,487728,0,0,Consumer credit,-21,
100187,6726598,Active,currency 1,-309,0,1517,,0,0,2025000,1875802.5,0,0,Consumer credit,-32,33750
100187,6726599,Closed,currency 1,-765,0,,-418,0,0,450000,0,0,0,Credit card,-417,
100187,6726600,Closed,currency 1,-497,0,-437,-437,0,0,1620000,0,0,0,Consumer credit,-431,
100187,6726601,Closed,currency 1,-811,0,-497,-497,0,0,317893.05,0,0,0,Consumer credit,-494,
100188,6048313,Closed,currency 1,-579,0,-455,-448,,0,78255,0,0,0,Consumer credit,-447,67770
100188,6048314,Closed,currency 1,-1457,0,735,-284,,0,450000,0,0,0,Credit card,-265,0
100188,6048315,Closed,currency 1,-1929,0,262,-1459,,0,450000,0,0,0,Credit card,-1448,0
100188,6048316,Active,currency 1,-283,0,1178,,,0,900000,611064,0,0,Credit card,-6,0
100188,6048317,Closed,currency 1,-2789,0,-2605,-2671,,0,67500,0,,0,Consumer credit,-2671,0
100188,6048318,Closed,currency 1,-2694,0,-2328,-2507,,0,135000,0,,0,Consumer credit,-2507,0
100188,6048319,Closed,currency 1,-2482,0,-2117,-2241,,0,270000,0,,0,Consumer credit,-2241,0
100188,6048320,Closed,currency 1,-2033,0,-1791,-1829,,0,147771,0,,0,Consumer credit,-1829,0
100190,5827338,Closed,currency 1,-833,0,-437,-467,23940,0,238230,0,0,0,Consumer credit,-467,
100190,5827339,Active,currency 1,-833,0,975,,0,0,0,-56.79,56.79,0,Credit card,-620,
100190,5827340,Closed,currency 1,-809,0,1006,-649,0,0,135000,-20.97,135020.97,0,Credit card,-649,
100190,5827341,Active,currency 1,-742,0,1006,,0,0,0,0,0,0,Credit card,-621,
100190,5827343,Closed,currency 1,-2862,0,-2769,-2769,0,0,21105,0,0,0,Consumer credit,-2768,
100191,5390069,Active,currency 1,-87,0,896,,,0,135000,193.5,0,0,Credit card,-46,
100191,5390070,Closed,currency 1,-763,0,-560,-559,,0,321750,0,,0,Credit card,-555,
100191,5390071,Closed,currency 1,-855,0,-641,-641,0,0,112410,0,0,0,Consumer credit,-639,
100192,6337420,Active,currency 1,-297,0,27519,,6728.445,0,135000,83998.8,0,0,Credit card,-35,
100193,6082259,Closed,currency 1,-2671,0,-845,-1012,,0,294246,,,0,Consumer credit,-1012,
100193,6082260,Closed,currency 1,-2671,0,-845,-1012,8856,0,360000,,,0,Consumer credit,-1012,
100193,6637790,Closed,currency 1,-543,0,-361,-510,,0,34650,0,0,0,Consumer credit,-509,2681.235
100193,6637791,Active,currency 1,-717,0,581,,,0,180000,0,0,0,Credit card,-78,
100193,6637792,Active,currency 1,-112,0,1715,,0,0,1053000,1045252.035,0,0,Consumer credit,-77,
100193,6637793,Active,currency 1,-144,0,403,,0,0,48262.5,38902.5,0,0,Consumer credit,-20,11569.5
100193,6637794,Closed,currency 1,-419,0,-54,-175,0,0,113130,0,0,0,Consumer credit,-173,0
100193,6637795,Closed,currency 1,-767,0,-669,-669,0,0,100896.84,0,0,0,Consumer credit,-669,11569.5
100193,6637796,Active,currency 1,-1515,0,9443,,27603,0,315000,,,0,Credit card,-14,27841.5
100193,6637797,Closed,currency 1,-2360,0,-1901,-1900,1440,0,29700,0,0,0,Credit card,-1235,
100193,6637798,Closed,currency 1,-2699,0,-1603,-1603,9526.68,0,288000,0,0,0,Consumer credit,-1603,
100194,6504223,Closed,currency 1,-1458,0,-1123,-1152,,0,348300,0,,0,Consumer credit,-751,
100194,6504224,Closed,currency 1,-1117,0,-781,-810,,0,67476.6,0,,0,Consumer credit,-719,
100194,6504225,Closed,currency 1,-236,0,-49,-205,,0,44595,0,0,0,Consumer credit,-205,
100194,6504226,Closed,currency 1,-700,0,-394,-394,,0,128304,0,0,0,Consumer credit,-394,
100194,6504227,Closed,currency 1,-786,0,-482,-481,,0,65700,0,0,0,Consumer credit,-481,
100194,6504228,Closed,currency 1,-1482,0,-1300,-1137,,0,25042.5,0,0,0,Consumer credit,-1137,
100194,6504229,Active,currency 1,-44,0,139,,,0,39375,33318,0,0,Consumer credit,-13,
100194,6504230,Closed,currency 1,-1142,0,-1018,-1017,,0,24750,0,,0,Consumer credit,-1017,
100194,6504231,Closed,currency 1,-1016,0,-828,-828,,0,100894.5,0,,0,Credit card,-828,
100194,6504232,Closed,currency 1,-743,0,-561,-561,,0,102780,0,,0,Consumer credit,-556,
100194,6504233,Closed,currency 1,-545,0,-394,-394,,0,78943.5,0,,0,Consumer credit,-394,
100194,6504234,Closed,currency 1,-829,0,-333,-333,,0,199111.5,0,,0,Consumer credit,-333,
100194,6504235,Closed,currency 1,-358,0,-333,-333,,0,88861.5,0,,0,Consumer credit,-333,
100194,6504236,Closed,currency 1,-392,0,-211,-211,,0,85752,0,,0,Consumer credit,-206,
100194,6504237,Active,currency 1,-213,0,883,,,0,516577.5,0,,0,Consumer credit,-29,
100194,6504238,Active,currency 1,-107,0,1323,,,0,454500,457051.5,,0,Consumer credit,-15,
100194,6504239,Active,currency 1,-829,0,267,,,0,135000,126364.5,,0,Credit card,-2,
100195,5664814,Closed,currency 1,-2597,0,-2232,-2206,,0,67500,0,0,0,Consumer credit,-149,
100195,5664815,Active,currency 1,-736,0,,,0,0,157500,155065.5,2431.575,0,Credit card,-26,
100196,6307489,Closed,currency 1,-2812,0,-2628,-2611,,0,38061,0,,0,Consumer credit,-2609,
100196,6307491,Closed,currency 1,-1230,0,-922,-922,,0,225000,,,0,Consumer credit,-922,
100196,6307492,Closed,currency 1,-771,0,-617,-617,,0,83731.5,0,,0,Consumer credit,-611,
100196,6307493,Closed,currency 1,-954,0,-617,-617,,0,22972.5,0,,0,Consumer credit,-611,
100196,6307494,Closed,currency 1,-920,0,-502,-502,,0,675000,0,,0,Consumer credit,-502,
100196,6307495,Closed,currency 1,-854,0,-307,-306,,0,450000,0,,0,Credit card,-303,
100196,6307496,Active,currency 1,-502,0,230,,,0,892705.5,0,,0,Consumer credit,-13,
100196,6307497,Active,currency 1,-454,0,642,,,0,337500,294129,,0,Credit card,-11,
100196,6307498,Closed,currency 1,-693,0,-511,-573,0,0,45000,0,0,0,Consumer credit,-329,
100196,6307499,Closed,currency 1,-573,0,-390,-390,0,0,72000,0,0,0,Consumer credit,-389,
100196,6307500,Active,currency 1,-152,0,-91,,0,0,45000,45000,0,0,Consumer credit,-132,
100196,6307501,Active,currency 1,-124,0,247,,0,0,135000,100669.5,0,0,Consumer credit,-13,
100198,6114822,Closed,currency 1,-2832,0,-2497,-2556,7290,0,65515.5,0,0,0,Consumer credit,-2544,
100198,6114823,Closed,currency 1,-2599,0,-2202,-2262,0,0,125550,0,0,0,Consumer credit,-2262,
100198,6114824,Closed,currency 1,-2330,0,-1995,-2052,0,0,17608.5,0,0,0,Consumer credit,-2052,
100198,6114825,Closed,currency 1,-2083,0,-1871,-1930,4320,0,23500.53,0,0,0,Consumer credit,-1930,
100198,6114826,Closed,currency 1,-1119,0,-906,-992,0,0,28899.81,0,0,0,Consumer credit,-992,
100198,6114827,Active,currency 1,-1119,0,-449,,0,0,0,0,0,0,Credit card,-662,
100198,6114828,Closed,currency 1,-1225,0,-948,-948,0,0,102321,,,0,Consumer credit,-943,
100198,6114829,Closed,currency 1,-616,0,-343,-343,0,0,167715,0,0,0,Consumer credit,-337,
100198,6114830,Closed,currency 1,-324,0,-82,-82,0,0,68856.39,0,0,0,Consumer credit,-78,
100199,5936476,Closed,currency 1,-786,0,988,-86,,0,4500,0,,0,Credit card,-83,0
100199,5936477,Closed,currency 1,-721,0,1049,-82,,0,0,0,,0,Credit card,-79,18787.5
100199,5936478,Closed,currency 1,-786,0,1049,-86,,0,405000,0,,0,Credit card,-83,18787.5
100199,5936479,Closed,currency 1,-786,0,1049,-360,,0,90000,0,,0,Credit card,-227,18787.5
100199,5936480,Closed,currency 1,-2204,0,-1930,-1959,,0,89791.92,0,,0,Consumer credit,-756,18787.5
100199,5936481,Closed,currency 1,-2821,0,-2515,-2515,,0,143730,0,0,0,Consumer credit,-1506,18787.5
100199,5936482,Active,currency 1,-190,0,906,,,0,508950,454878,0,0,Consumer credit,-15,18787.5
100199,5936483,Closed,currency 1,-2227,0,-1478,-903,,0,45000,,,0,Credit card,-902,18787.5
100199,6144027,Closed,currency 1,-1861,0,1018,-96,,0,427500,0,,0,Credit card,-93,
100199,6144028,Active,currency 1,-190,0,1049,,,0,67500,66402,0,0,Credit card,-29,18787.5
100200,6108795,Closed,currency 1,-2379,0,-2088,-2088,31.5,0,83790,,,0,Consumer credit,-2088,3255.12
100201,5928803,Closed,currency 1,-754,0,-662,-662,,0,78259.5,0,0,0,Consumer credit,-534,0
100201,5928804,Active,currency 1,-1122,0,27287,,,0,247500,53559,0,0,Credit card,-15,450
100201,5928805,Active,currency 1,-717,0,1109,,,0,594000,448492.5,0,0,Consumer credit,-14,17613
100201,5928806,Active,currency 1,-695,0,-220,,,0,792000,667858.5,0,0,Credit card,-162,
100201,5928807,Sold,currency 1,-2270,0,-1907,,,0,69898.5,,,0,Credit card,-2154,0
100201,5928808,Closed,currency 1,-2270,0,-1943,-1943,,0,69898.5,,,0,Consumer credit,-1943,25330.5
100201,5928809,Active,currency 1,-1418,0,,,,0,333000,323464.5,,0,Credit card,-5,9769.5
100201,5928810,Closed,currency 1,-2634,0,-2452,-2426,6790.5,0,33871.5,,,0,Consumer credit,-2422,
100202,5152945,Closed,currency 1,-433,0,-99,-189,,0,47012.4,0,,0,Consumer credit,-182,
100202,5152946,Closed,currency 1,-777,0,-534,-624,,0,26136,0,,0,Consumer credit,-622,
100202,5152947,Closed,currency 1,-1164,0,-829,-858,,0,100399.5,0,,0,Consumer credit,-695,
100202,5152948,Active,currency 1,-102,0,191,,,0,108000,0,0,0,Credit card,-22,
100202,5152949,Active,currency 1,-105,0,626,,,0,229500,213867,0,0,Consumer credit,-22,
100203,6305523,Active,currency 1,-532,0,572,,,0,81000,83124,0,0,Credit card,-29,
100204,6363480,Active,currency 1,-534,0,562,,,0,468000,289075.5,0,0,Consumer credit,-16,18598.5
100204,6363481,Closed,currency 1,-126,0,-93,-93,,0,45000,,,0,Microloan,-89,0
100204,6363482,Active,currency 1,-68,0,,,,0,22500,25177.5,,0,Microloan,-19,25177.5
100204,6363483,Closed,currency 1,-105,0,,-19,,0,22500,0,,0,Microloan,-19,0
100204,6363484,Closed,currency 1,-146,0,,-19,,0,22500,0,,0,Microloan,-19,0
100205,5955855,Closed,currency 1,-1408,0,-1033,-1033,11677.5,0,116298,,,0,Consumer credit,-1028,
100205,5955856,Closed,currency 1,-347,0,-190,-190,0,0,254785.5,0,0,0,Consumer credit,-184,
100205,5955857,Closed,currency 1,-281,0,,-144,0,0,45000,0,0,0,Credit card,-142,
100207,5746492,Closed,currency 1,-493,0,-152,-152,,0,0,0,0,0,Credit card,-148,
100207,5746493,Active,currency 1,-82,0,1094,,,0,135000,115708.5,0,0,Credit card,-4,
100207,5746494,Active,currency 1,-233,0,1593,,,0,792000,729076.5,0,0,Consumer credit,-4,
100207,5746495,Active,currency 1,-2131,0,-306,,11547,0,450000,,,0,Consumer credit,-306,
100207,5746496,Active,currency 1,-852,0,975,,6142.5,0,312300,,,0,Consumer credit,-28,
100208,6440317,Closed,currency 1,-2344,0,-2009,-2128,2700,0,24075,0,0,0,Consumer credit,-2128,
100208,6440318,Closed,currency 1,-2027,0,-1936,-1936,,0,17550,0,0,0,Consumer credit,-1354,
100208,6440319,Closed,currency 1,-1797,0,-1618,-1594,,0,81000,0,0,0,Consumer credit,-1354,
100208,6440320,Closed,currency 1,-2028,0,-1936,-964,,0,17550,,,0,Consumer credit,-961,
100208,6440321,Closed,currency 1,-1800,0,-1618,-964,,0,81000,,,0,Consumer credit,-961,
